<?xml version="1.0" encoding="UTF-8"?>
<FlexiPage xmlns="http://soap.sforce.com/2006/04/metadata">
	<flexiPageRegions>
		 <itemInstances><componentInstance><identifier>Id1001</identifier>
			<componentInstanceProperties>
				<name>collapsed</name>
				<value>false</value>
			</componentInstanceProperties>
			<componentName>force:highlightsPanel</componentName>
		 </componentInstance></itemInstances>
		 <itemInstances><componentInstance><identifier>Id1002</identifier>
			<componentName>force:relatedListQuickLinksContainer</componentName>
		 </componentInstance></itemInstances>
		<mode>Replace</mode>
		<name>header</name>
		<type>Region</type>
	</flexiPageRegions>
	<flexiPageRegions>
		 <itemInstances><componentInstance><identifier>Id1003</identifier>
			<componentInstanceProperties>
				<name>relatedListComponentOverride</name>
				<value>GRID</value>
			</componentInstanceProperties>
			<componentName>force:relatedListContainer</componentName>
		 </componentInstance></itemInstances>
		<mode>Replace</mode>
		<name>relatedTabContent</name>
		<type>Facet</type>
	</flexiPageRegions>
	<flexiPageRegions>
		 <itemInstances><componentInstance><identifier>Id1004</identifier>
			<componentInstanceProperties>
				<name>active</name>
				<value>false</value>
			</componentInstanceProperties>
			<componentInstanceProperties>
				<name>body</name>
				<value>relatedTabContent</value>
			</componentInstanceProperties>
			<componentInstanceProperties>
				<name>title</name>
				<value>Standard.Tab.relatedLists</value>
			</componentInstanceProperties>
			<componentName>flexipage:tab</componentName>
		 </componentInstance></itemInstances>
		 <itemInstances><componentInstance><identifier>Id1005</identifier>
			<componentInstanceProperties>
				<name>active</name>
				<value>true</value>
			</componentInstanceProperties>
			<componentInstanceProperties>
				<name>body</name>
				<value>detailTabContent</value>
			</componentInstanceProperties>
			<componentInstanceProperties>
				<name>title</name>
				<value>Standard.Tab.detail</value>
			</componentInstanceProperties>
			<componentName>flexipage:tab</componentName>
		 </componentInstance></itemInstances>
		<mode>Replace</mode>
		<name>maintabs</name>
		<type>Facet</type>
	</flexiPageRegions>
	<flexiPageRegions>
		 <itemInstances><componentInstance><identifier>Id1006</identifier>
			<componentInstanceProperties>
				<name>tabs</name>
				<value>maintabs</value>
			</componentInstanceProperties>
			<componentName>flexipage:tabset</componentName>
		 </componentInstance></itemInstances>
		<mode>Replace</mode>
		<name>main</name>
		<type>Region</type>
	</flexiPageRegions>
	<flexiPageRegions>
		 <itemInstances><componentInstance><identifier>Id1007</identifier>
			<componentInstanceProperties>
				<name>active</name>
				<value>true</value>
			</componentInstanceProperties>
			<componentInstanceProperties>
				<name>body</name>
				<value>activityTabContent</value>
			</componentInstanceProperties>
			<componentInstanceProperties>
				<name>title</name>
				<value>Standard.Tab.activity</value>
			</componentInstanceProperties>
			<componentName>flexipage:tab</componentName>
		 </componentInstance></itemInstances>
		<mode>Replace</mode>
		<name>sidebartabs</name>
		<type>Facet</type>
	</flexiPageRegions>
	<flexiPageRegions>
		 <itemInstances><componentInstance><identifier>Id1008</identifier>
			<componentInstanceProperties>
				<name>displayOption</name>
				<value>BOTH</value>
			</componentInstanceProperties>
			<componentName>runtime_sales_merge:mergeCandidatesPreviewCard</componentName>
		 </componentInstance></itemInstances>
		 <itemInstances><componentInstance><identifier>Id1009</identifier>
			<componentInstanceProperties>
				<name>tabs</name>
				<value>sidebartabs</value>
			</componentInstanceProperties>
			<componentName>flexipage:tabset</componentName>
		 </componentInstance></itemInstances>
		<mode>Replace</mode>
		<name>sidebar</name>
		<type>Region</type>
	</flexiPageRegions>
	<flexiPageRegions>
		 <itemInstances><componentInstance><identifier>Id1010</identifier>
			<componentName>force:detailPanel</componentName>
		 </componentInstance></itemInstances>
		<mode>Replace</mode>
		<name>detailTabContent</name>
		<type>Facet</type>
	</flexiPageRegions>
	<flexiPageRegions>
		 <itemInstances><componentInstance><identifier>Id1011</identifier>
			<componentName>runtime_sales_activities:activityPanel</componentName>
		 </componentInstance></itemInstances>
		<mode>Replace</mode>
		<name>activityTabContent</name>
		<type>Facet</type>
	</flexiPageRegions>
	<masterLabel>Account Record Page</masterLabel>
	<parentFlexiPage>sfa__Account_rec_L</parentFlexiPage>
	<sobjectType>Account</sobjectType>
	<template>
		<name>flexipage:recordHomeTemplateDesktop</name>
	</template>
	<type>RecordPage</type>
</FlexiPage>
