<?xml version="1.0" encoding="UTF-8"?>
<FlexiPage xmlns="http://soap.sforce.com/2006/04/metadata">
    <flexiPageRegions>
        <mode>Replace</mode>
        <name>top</name>
        <type>Region</type>
    </flexiPageRegions>
    <flexiPageRegions>
        <itemInstances>
            <componentInstance><identifier>Id1001</identifier>
                <componentName>propsDemo</componentName>
            </componentInstance>
        </itemInstances>
        <mode>Replace</mode>
        <name>bottomLeft</name>
        <type>Region</type>
    </flexiPageRegions>
    <flexiPageRegions>
        <itemInstances>
            <componentInstance><identifier>Id1002</identifier>
                <componentInstanceProperties>
                    <name>decorate</name>
                    <value>true</value>
                </componentInstanceProperties>
                <componentInstanceProperties>
                    <name>richTextValue</name>
                    <value>&lt;p&gt;&lt;b&gt;Welcome to DEX602!&lt;/b&gt;&lt;/p&gt;&lt;p&gt;&lt;br&gt;&lt;/p&gt;&lt;p&gt;This is a custom homepage for the Certification app. It is used to hold the Props Demo component that your instructor will use to teach you about the @track decorator.&lt;/p&gt;&lt;p&gt;&lt;br&gt;&lt;/p&gt;&lt;p&gt;If you elect to compete any of the daily Extra Credit challenges, you will place them on this page as well.&lt;/p&gt;</value>
                </componentInstanceProperties>
                <componentName>flexipage:richText</componentName>
            </componentInstance>
        </itemInstances>
        <mode>Replace</mode>
        <name>bottomRight</name>
        <type>Region</type>
    </flexiPageRegions>
    <flexiPageRegions>
        <mode>Replace</mode>
        <name>sidebar</name>
        <type>Region</type>
    </flexiPageRegions>
    <masterLabel>Certification App Home Page</masterLabel>
    <parentFlexiPage>home__desktopDefault</parentFlexiPage>
    <template>
        <name>home:desktopTemplate</name>
    </template>
    <type>HomePage</type>
</FlexiPage>
