<?xml version="1.0" encoding="UTF-8"?>
<CustomObject xmlns="http://soap.sforce.com/2006/04/metadata">
	<actionOverrides>
		<actionName>Accept</actionName>
		<type>Default</type>
	</actionOverrides>
	<actionOverrides>
		<actionName>CancelEdit</actionName>
		<type>Default</type>
	</actionOverrides>
	<actionOverrides>
		<actionName>Clone</actionName>
		<type>Default</type>
	</actionOverrides>
	<actionOverrides>
		<actionName>Delete</actionName>
		<type>Default</type>
	</actionOverrides>
	<actionOverrides>
		<actionName>Edit</actionName>
		<type>Default</type>
	</actionOverrides>
	<actionOverrides>
		<actionName>List</actionName>
		<type>Default</type>
	</actionOverrides>
	<actionOverrides>
		<actionName>New</actionName>
		<type>Default</type>
	</actionOverrides>
	<actionOverrides>
		<actionName>SaveEdit</actionName>
		<type>Default</type>
	</actionOverrides>
	<actionOverrides>
		<actionName>Tab</actionName>
		<type>Default</type>
	</actionOverrides>
	<actionOverrides>
		<actionName>View</actionName>
		<comment>Action override created by Lightning App Builder during activation.</comment>
		<content>Certification_Element_Record_Page</content>
		<formFactor>Large</formFactor>
		<skipRecordTypeSelect>false</skipRecordTypeSelect>
		<type>Flexipage</type>
	</actionOverrides>
	<allowInChatterGroups>false</allowInChatterGroups>
	<compactLayoutAssignment>Default_Compact_Layout</compactLayoutAssignment>
	<deploymentStatus>Deployed</deploymentStatus>
	<description>Used to track a component of a certification.</description>
	<enableActivities>true</enableActivities>
	<enableBulkApi>true</enableBulkApi>
	<enableFeeds>false</enableFeeds>
	<enableHistory>true</enableHistory>
	<enableReports>true</enableReports>
	<enableSearch>true</enableSearch>
	<enableSharing>true</enableSharing>
	<enableStreamingApi>true</enableStreamingApi>
	<label>Certification Element</label>
	<nameField>
		<label>Certification Element Name</label>
		<trackHistory>false</trackHistory>
		<type>Text</type>
	</nameField>
	<pluralLabel>Certification Elements</pluralLabel>
	<searchLayouts/>
	<sharingModel>ControlledByParent</sharingModel>
	<visibility>Public</visibility>
</CustomObject>
