<?xml version="1.0" encoding="UTF-8"?>
<QuickAction xmlns="http://soap.sforce.com/2006/04/metadata">
	<optionsCreateFeedItem>true</optionsCreateFeedItem>
	<quickActionLayout>
		<layoutSectionStyle>TwoColumnsLeftToRight</layoutSectionStyle>
		<quickActionLayoutColumns>
			<quickActionLayoutItems>
				<emptySpace>false</emptySpace>
				<field>Subject</field>
				<uiBehavior>Edit</uiBehavior>
			</quickActionLayoutItems>
			<quickActionLayoutItems>
				<emptySpace>false</emptySpace>
				<field>WhoId</field>
				<uiBehavior>Edit</uiBehavior>
			</quickActionLayoutItems>
		</quickActionLayoutColumns>
		<quickActionLayoutColumns>
			<quickActionLayoutItems>
				<emptySpace>false</emptySpace>
				<field>Description</field>
				<uiBehavior>Edit</uiBehavior>
			</quickActionLayoutItems>
			<quickActionLayoutItems>
				<emptySpace>false</emptySpace>
				<field>WhatId</field>
				<uiBehavior>Edit</uiBehavior>
			</quickActionLayoutItems>
		</quickActionLayoutColumns>
	</quickActionLayout>
	<standardLabel>LogACall</standardLabel>
	<targetObject>Task</targetObject>
	<type>LogACall</type>
</QuickAction>
