<?xml version="1.0" encoding="UTF-8"?>
<QuickAction xmlns="http://soap.sforce.com/2006/04/metadata">
	<optionsCreateFeedItem>true</optionsCreateFeedItem>
	<quickActionLayout>
		<layoutSectionStyle>TwoColumnsLeftToRight</layoutSectionStyle>
		<quickActionLayoutColumns>
			<quickActionLayoutItems>
				<emptySpace>false</emptySpace>
				<field>Subject</field>
				<uiBehavior>Edit</uiBehavior>
			</quickActionLayoutItems>
			<quickActionLayoutItems>
				<emptySpace>false</emptySpace>
				<field>StartDateTime</field>
				<uiBehavior>Required</uiBehavior>
			</quickActionLayoutItems>
			<quickActionLayoutItems>
				<emptySpace>false</emptySpace>
				<field>EndDateTime</field>
				<uiBehavior>Required</uiBehavior>
			</quickActionLayoutItems>
			<quickActionLayoutItems>
				<emptySpace>false</emptySpace>
				<field>IsAllDayEvent</field>
				<uiBehavior>Edit</uiBehavior>
			</quickActionLayoutItems>
			<quickActionLayoutItems>
				<emptySpace>false</emptySpace>
				<field>WhoId</field>
				<uiBehavior>Edit</uiBehavior>
			</quickActionLayoutItems>
			<quickActionLayoutItems>
				<emptySpace>false</emptySpace>
				<field>WhatId</field>
				<uiBehavior>Edit</uiBehavior>
			</quickActionLayoutItems>
			<quickActionLayoutItems>
				<emptySpace>false</emptySpace>
				<field>OwnerId</field>
				<uiBehavior>Required</uiBehavior>
			</quickActionLayoutItems>
			<quickActionLayoutItems>
				<emptySpace>false</emptySpace>
				<field>Location</field>
				<uiBehavior>Edit</uiBehavior>
			</quickActionLayoutItems>
		</quickActionLayoutColumns>
		<quickActionLayoutColumns/>
	</quickActionLayout>
	<standardLabel>New</standardLabel>
	<targetObject>Event</targetObject>
	<type>Create</type>
</QuickAction>
