<?xml version="1.0" encoding="UTF-8"?>
<CustomField xmlns="http://soap.sforce.com/2006/04/metadata">
	<fullName>Status__c</fullName>
	<description>Status of certification.</description>
	<externalId>false</externalId>
	<inlineHelpText>Active - Certification is currently being given.
Retired - Certification is no longer being given.</inlineHelpText>
	<label>Status</label>
	<required>false</required>
	<trackHistory>false</trackHistory>
	<trackTrending>false</trackTrending>
	<type>Picklist</type>
	<valueSet>
		<valueSetDefinition>
			<sorted>false</sorted>
			<value>
				<fullName>Active</fullName>
				<default>false</default>
				<label>Active</label>
			</value>
			<value>
				<fullName>Retired</fullName>
				<default>false</default>
				<label>Retired</label>
			</value>
		</valueSetDefinition>
	</valueSet>
</CustomField>
