<?xml version="1.0" encoding="UTF-8"?>
<CustomApplication xmlns="http://soap.sforce.com/2006/04/metadata">
	<actionOverrides>
		<actionName>Tab</actionName>
		<content>Certification_App_Home_Page</content>
		<formFactor>Large</formFactor>
		<skipRecordTypeSelect>false</skipRecordTypeSelect>
		<type>Flexipage</type>
		<pageOrSobjectType>standard-home</pageOrSobjectType>
	</actionOverrides>
	<brand>
		<headerColor>#0070D2</headerColor>
		<logo>CertificationAppLogo</logo>
		<logoVersion>1</logoVersion>
		<shouldOverrideOrgTheme>false</shouldOverrideOrgTheme>
	</brand>
	<description>Application used to track the training and certification of technicians.</description>
	<formFactors>Large</formFactors>
	<isNavAutoTempTabsDisabled>false</isNavAutoTempTabsDisabled>
	<isNavPersonalizationDisabled>false</isNavPersonalizationDisabled>
	<label>Certification</label>
	<navType>Standard</navType>
	<tabs>standard-home</tabs>
	<tabs>standard-Account</tabs>
	<tabs>standard-Contact</tabs>
	<tabs>Certification__c</tabs>
	<tabs>Course__c</tabs>
	<tabs>Course_Delivery__c</tabs>
	<tabs>standard-File</tabs>
	<tabs>standard-report</tabs>
	<tabs>standard-Dashboard</tabs>
	<tabs>TripReport__c</tabs>
	<uiType>Lightning</uiType>
</CustomApplication>
