<?xml version="1.0" encoding="UTF-8"?>
<CustomObject xmlns="http://soap.sforce.com/2006/04/metadata">
	<actionOverrides>
		<actionName>Accept</actionName>
		<type>Default</type>
	</actionOverrides>
	<actionOverrides>
		<actionName>CancelEdit</actionName>
		<type>Default</type>
	</actionOverrides>
	<actionOverrides>
		<actionName>Clone</actionName>
		<type>Default</type>
	</actionOverrides>
	<actionOverrides>
		<actionName>Delete</actionName>
		<type>Default</type>
	</actionOverrides>
	<actionOverrides>
		<actionName>Edit</actionName>
		<type>Default</type>
	</actionOverrides>
	<actionOverrides>
		<actionName>List</actionName>
		<type>Default</type>
	</actionOverrides>
	<actionOverrides>
		<actionName>New</actionName>
		<type>Default</type>
	</actionOverrides>
	<actionOverrides>
		<actionName>SaveEdit</actionName>
		<type>Default</type>
	</actionOverrides>
	<actionOverrides>
		<actionName>Tab</actionName>
		<type>Default</type>
	</actionOverrides>
	<actionOverrides>
		<actionName>View</actionName>
		<type>Default</type>
	</actionOverrides>
	<allowInChatterGroups>false</allowInChatterGroups>
	<compactLayoutAssignment>SYSTEM</compactLayoutAssignment>
	<deploymentStatus>Deployed</deploymentStatus>
	<description>Used to track a student who attends a course.</description>
	<enableActivities>true</enableActivities>
	<enableBulkApi>true</enableBulkApi>
	<enableFeeds>false</enableFeeds>
	<enableHistory>true</enableHistory>
	<enableReports>true</enableReports>
	<enableSearch>true</enableSearch>
	<enableSharing>true</enableSharing>
	<enableStreamingApi>true</enableStreamingApi>
	<label>Course Attendee</label>
	<nameField>
		<displayFormat>ATTENDEE-{00000}</displayFormat>
		<label>Course Attendee Number</label>
		<trackHistory>false</trackHistory>
		<type>AutoNumber</type>
	</nameField>
	<pluralLabel>Course Attendees</pluralLabel>
	<searchLayouts/>
	<sharingModel>ControlledByParent</sharingModel>
	<visibility>Public</visibility>
</CustomObject>
