<?xml version="1.0" encoding="UTF-8"?>
<ListView xmlns="http://soap.sforce.com/2006/04/metadata">
	<fullName>Service</fullName>
	<columns>ACCOUNT.NAME</columns>
	<columns>ACCOUNT.ADDRESS1_STATE</columns>
	<columns>ACCOUNT.PHONE1</columns>
	<columns>ACCOUNT.TYPE</columns>
	<columns>CORE.USERS.ALIAS</columns>
	<filterScope>Everything</filterScope>
	<filters>
		<field>ACCOUNT.RECORDTYPE</field>
		<operation>equals</operation>
		<value>Account.Service_Vendor</value>
	</filters>
	<label>Service Vendor Accounts</label>
</ListView>
