<?xml version="1.0" encoding="UTF-8"?>
<CustomField xmlns="http://soap.sforce.com/2006/04/metadata">
	<fullName>Attendee_Count__c</fullName>
	<externalId>false</externalId>
	<label>Attendee Count</label>
	<summaryFilterItems>
		<field>Course_Attendee__c.Status__c</field>
		<operation>equals</operation>
		<value>Enrolled,Completed</value>
	</summaryFilterItems>
	<summaryForeignKey>Course_Attendee__c.Course_Delivery__c</summaryForeignKey>
	<summaryOperation>count</summaryOperation>
	<trackHistory>false</trackHistory>
	<trackTrending>false</trackTrending>
	<type>Summary</type>
</CustomField>
