<?xml version="1.0" encoding="UTF-8"?>
<CustomField xmlns="http://soap.sforce.com/2006/04/metadata">
    <fullName>Country__c</fullName>
    <externalId>false</externalId>
    <formula>RIGHT(TEXT(Location__c), LEN(TEXT(Location__c))-FIND(&quot;,&quot;,TEXT(Location__c)))</formula>
    <formulaTreatBlanksAs>BlankAsZero</formulaTreatBlanksAs>
    <label>Country</label>
    <required>false</required>
    <trackHistory>false</trackHistory>
    <trackTrending>false</trackTrending>
    <type>Text</type>
    <unique>false</unique>
</CustomField>
