<?xml version="1.0" encoding="UTF-8"?>
<CustomField xmlns="http://soap.sforce.com/2006/04/metadata">
	<fullName>Course__c</fullName>
	<description>Course being delivered.</description>
	<externalId>false</externalId>
	<label>Course</label>
	<referenceTo>Course__c</referenceTo>
	<relationshipLabel>Course Deliveries</relationshipLabel>
	<relationshipName>Course_Deliveries</relationshipName>
	<relationshipOrder>0</relationshipOrder>
	<reparentableMasterDetail>false</reparentableMasterDetail>
	<trackHistory>false</trackHistory>
	<trackTrending>false</trackTrending>
	<type>MasterDetail</type>
	<writeRequiresMasterRead>false</writeRequiresMasterRead>
</CustomField>
