<?xml version="1.0" encoding="UTF-8"?>
<CustomField xmlns="http://soap.sforce.com/2006/04/metadata">
	<fullName>Region__c</fullName>
	<description>Region where course will take place.</description>
	<externalId>false</externalId>
	<label>Region</label>
	<required>false</required>
	<trackHistory>false</trackHistory>
	<trackTrending>false</trackTrending>
	<type>Picklist</type>
	<valueSet>
		<valueSetDefinition>
			<sorted>false</sorted>
			<value>
				<fullName>APAC</fullName>
				<default>false</default>
				<label>APAC</label>
			</value>
			<value>
				<fullName>EMEA</fullName>
				<default>false</default>
				<label>EMEA</label>
			</value>
			<value>
				<fullName>NAMER</fullName>
				<default>false</default>
				<label>NAMER</label>
			</value>
		</valueSetDefinition>
	</valueSet>
</CustomField>
