<?xml version="1.0" encoding="UTF-8"?>
<CustomField xmlns="http://soap.sforce.com/2006/04/metadata">
	<fullName>Status__c</fullName>
	<description>Status of the course delivery.</description>
	<externalId>false</externalId>
	<label>Status</label>
	<required>false</required>
	<trackHistory>false</trackHistory>
	<trackTrending>false</trackTrending>
	<type>Picklist</type>
	<valueSet>
		<valueSetDefinition>
			<sorted>false</sorted>
			<value>
				<fullName>Scheduled</fullName>
				<default>false</default>
				<label>Scheduled</label>
			</value>
			<value>
				<fullName>Delivered</fullName>
				<default>false</default>
				<label>Delivered</label>
			</value>
			<value>
				<fullName>Cancelled</fullName>
				<default>false</default>
				<label>Cancelled</label>
			</value>
		</valueSetDefinition>
	</valueSet>
</CustomField>
