<?xml version="1.0" encoding="UTF-8"?>
<CustomField xmlns="http://soap.sforce.com/2006/04/metadata">
	<fullName>Course_Delivery__c</fullName>
	<description>Course delivery that student is attending.</description>
	<externalId>false</externalId>
	<label>Course Delivery</label>
	<referenceTo>Course_Delivery__c</referenceTo>
	<relationshipLabel>Course Attendees</relationshipLabel>
	<relationshipName>Course_Attendees</relationshipName>
	<relationshipOrder>0</relationshipOrder>
	<reparentableMasterDetail>true</reparentableMasterDetail>
	<trackHistory>false</trackHistory>
	<trackTrending>false</trackTrending>
	<type>MasterDetail</type>
	<writeRequiresMasterRead>false</writeRequiresMasterRead>
</CustomField>
