<?xml version="1.0" encoding="UTF-8"?>
<CustomField xmlns="http://soap.sforce.com/2006/04/metadata">
	<fullName>Status__c</fullName>
	<description>Status of course attendee.</description>
	<externalId>false</externalId>
	<inlineHelpText>Enrolled - Student is enrolled in course delivery.
Completed - Student attended course delivery.
Course Cancelled - AW Computing cancelled course delivery.
No Show - Student did not show up for course delivery.</inlineHelpText>
	<label>Status</label>
	<required>false</required>
	<trackHistory>false</trackHistory>
	<trackTrending>false</trackTrending>
	<type>Picklist</type>
	<valueSet>
		<valueSetDefinition>
			<sorted>false</sorted>
			<value>
				<fullName>Enrolled</fullName>
				<default>false</default>
				<label>Enrolled</label>
			</value>
			<value>
				<fullName>Completed</fullName>
				<default>false</default>
				<label>Completed</label>
			</value>
			<value>
				<fullName>Course Cancelled</fullName>
				<default>false</default>
				<label>Course Cancelled</label>
			</value>
			<value>
				<fullName>No Show</fullName>
				<default>false</default>
				<label>No Show</label>
			</value>
		</valueSetDefinition>
	</valueSet>
</CustomField>
