<?xml version="1.0" encoding="UTF-8"?>
<CustomField xmlns="http://soap.sforce.com/2006/04/metadata">
	<fullName>Student_Name__c</fullName>
	<description>Link to the student record. Designed for adding to related lists.</description>
	<externalId>false</externalId>
	<formula>HYPERLINK( Student__r.Id, TRIM( Student__r.FirstName &amp; &quot; &quot; &amp; Student__r.LastName ), &quot;_self&quot; )</formula>
	<label>Student Name</label>
	<required>false</required>
	<trackHistory>false</trackHistory>
	<trackTrending>false</trackTrending>
	<type>Text</type>
	<unique>false</unique>
</CustomField>
