<?xml version="1.0" encoding="UTF-8"?>
<CustomObject xmlns="http://soap.sforce.com/2006/04/metadata">
	<actionOverrides>
		<actionName>Accept</actionName>
		<type>Default</type>
	</actionOverrides>
	<actionOverrides>
		<actionName>CancelEdit</actionName>
		<type>Default</type>
	</actionOverrides>
	<actionOverrides>
		<actionName>Clone</actionName>
		<type>Default</type>
	</actionOverrides>
	<actionOverrides>
		<actionName>Delete</actionName>
		<type>Default</type>
	</actionOverrides>
	<actionOverrides>
		<actionName>Edit</actionName>
		<type>Default</type>
	</actionOverrides>
	<actionOverrides>
		<actionName>List</actionName>
		<type>Default</type>
	</actionOverrides>
	<actionOverrides>
		<actionName>New</actionName>
		<type>Default</type>
	</actionOverrides>
	<actionOverrides>
		<actionName>SaveEdit</actionName>
		<type>Default</type>
	</actionOverrides>
	<actionOverrides>
		<actionName>Tab</actionName>
		<type>Default</type>
	</actionOverrides>
	<actionOverrides>
		<actionName>View</actionName>
		<type>Default</type>
	</actionOverrides>
	<allowInChatterGroups>false</allowInChatterGroups>
	<compactLayoutAssignment>Default_Compact_Layout</compactLayoutAssignment>
	<deploymentStatus>Deployed</deploymentStatus>
	<description>Used in DEX602 Programming Lightning Components exercises.</description>
	<enableActivities>false</enableActivities>
	<enableBulkApi>true</enableBulkApi>
	<enableFeeds>false</enableFeeds>
	<enableHistory>false</enableHistory>
	<enableReports>false</enableReports>
	<enableSearch>true</enableSearch>
	<enableSharing>true</enableSharing>
	<enableStreamingApi>true</enableStreamingApi>
	<label>Trip Report</label>
	<nameField>
		<label>Trip Report Name</label>
		<type>Text</type>
	</nameField>
	<pluralLabel>Trip Reports</pluralLabel>
	<searchLayouts>
		<customTabListAdditionalFields>Instructor__c</customTabListAdditionalFields>
		<customTabListAdditionalFields>Date__c</customTabListAdditionalFields>
		<customTabListAdditionalFields>ReviewType__c</customTabListAdditionalFields>
		<customTabListAdditionalFields>Rating__c</customTabListAdditionalFields>
		<customTabListAdditionalFields>Review__c</customTabListAdditionalFields>
		<excludedStandardButtons>ChangeOwner</excludedStandardButtons>
		<excludedStandardButtons>Accept</excludedStandardButtons>
		<lookupDialogsAdditionalFields>Instructor__c</lookupDialogsAdditionalFields>
		<lookupDialogsAdditionalFields>Date__c</lookupDialogsAdditionalFields>
		<lookupDialogsAdditionalFields>ReviewType__c</lookupDialogsAdditionalFields>
		<lookupDialogsAdditionalFields>Rating__c</lookupDialogsAdditionalFields>
		<lookupDialogsAdditionalFields>Review__c</lookupDialogsAdditionalFields>
		<lookupPhoneDialogsAdditionalFields>Instructor__c</lookupPhoneDialogsAdditionalFields>
		<lookupPhoneDialogsAdditionalFields>Date__c</lookupPhoneDialogsAdditionalFields>
		<lookupPhoneDialogsAdditionalFields>ReviewType__c</lookupPhoneDialogsAdditionalFields>
		<lookupPhoneDialogsAdditionalFields>Rating__c</lookupPhoneDialogsAdditionalFields>
		<lookupPhoneDialogsAdditionalFields>Review__c</lookupPhoneDialogsAdditionalFields>
		<searchResultsAdditionalFields>Instructor__c</searchResultsAdditionalFields>
		<searchResultsAdditionalFields>Date__c</searchResultsAdditionalFields>
		<searchResultsAdditionalFields>ReviewType__c</searchResultsAdditionalFields>
		<searchResultsAdditionalFields>Rating__c</searchResultsAdditionalFields>
		<searchResultsAdditionalFields>Review__c</searchResultsAdditionalFields>
	</searchLayouts>
	<sharingModel>ReadWrite</sharingModel>
	<visibility>Public</visibility>
</CustomObject>
