{
    "now": "2019-04-28T21:56:14.141Z",
    "orgSource": "dhDEX602",
    "orgDestination": "soDEX602",
    "sObjectsData": [
        {
            "name": "Account",
            "ignoreFields": "CreatedBy,CreatedDate,CurrencyIsoCode,OwnerId",
            "maxRecords": -1,
            "orderBy": null,
            "where": null
        },
        {
            "name": "Contact",
            "ignoreFields": "CreatedBy,CreatedDate,CurrencyIsoCode,OwnerId",
            "maxRecords": -1,
            "orderBy": null,
            "where": null
        },
        {
            "name": "Opportunity",
            "ignoreFields": "OwnerId,CreatedBy,CreatedDate,CurrencyIsoCode",
            "maxRecords": -1,
            "orderBy": null,
            "where": null
        },
        {
            "name": "Case",
            "ignoreFields": "OwnerId,CreatedBy,CreatedDate,CurrencyIsoCode",
            "maxRecords": -1,
            "orderBy": null,
            "where": null
        },
        {
            "name": "CaseComment",
            "ignoreFields": "OwnerId,CreatedBy,CreatedDate,CurrencyIsoCode",
            "maxRecords": -1,
            "orderBy": null,
            "where": null
        }
    ],
    "sObjectsMetadata": [
        {
            "name": "User",
            "fieldsToExport": "FirstName,LastName,Email,Id",
            "matchBy": "Email",
            "orderBy": "LastName",
            "where": null
        },
        {
            "name": "Group",
            "fieldsToExport": "Id,DeveloperName",
            "matchBy": "DeveloperName",
            "orderBy": null,
            "where": "Type = 'Queue'"
        },
        {
            "name": "RecordType",
            "fieldsToExport": "Id,DeveloperName",
            "matchBy": "DeveloperName",
            "orderBy": null,
            "where": null
        }
    ],
    "rootFolder": "ETCopyData",
    "includeAllCustom": true,
    "stopOnErrors": false,
    "ignoreFields": "OwnerId, CreatedBy, CreatedDate, CurrencyIsoCode",
    "maxRecordsEach": null,
    "deleteDestination": true,
    "pollingTimeout": 100000
}