<?xml version="1.0" encoding="UTF-8"?>
<CustomField xmlns="http://soap.sforce.com/2006/04/metadata">
	<fullName>Bug_Number__c</fullName>
	<description>Engineering bug number for this case.</description>
	<externalId>false</externalId>
	<inlineHelpText>Enter the engineering bug number associated with this case.</inlineHelpText>
	<label>Bug Number</label>
	<length>20</length>
	<required>false</required>
	<trackFeedHistory>false</trackFeedHistory>
	<trackHistory>false</trackHistory>
	<trackTrending>false</trackTrending>
	<type>Text</type>
	<unique>false</unique>
</CustomField>
