<?xml version="1.0" encoding="UTF-8"?>
<CustomField xmlns="http://soap.sforce.com/2006/04/metadata">
	<fullName>Certification__c</fullName>
	<deleteConstraint>SetNull</deleteConstraint>
	<description>Certification associated with a course.</description>
	<externalId>false</externalId>
	<label>Certification</label>
	<referenceTo>Certification__c</referenceTo>
	<relationshipLabel>Courses</relationshipLabel>
	<relationshipName>Courses</relationshipName>
	<required>false</required>
	<trackHistory>false</trackHistory>
	<trackTrending>false</trackTrending>
	<type>Lookup</type>
</CustomField>
