<?xml version="1.0" encoding="UTF-8"?>
<CustomField xmlns="http://soap.sforce.com/2006/04/metadata">
	<fullName>Duration__c</fullName>
	<description>Length of a course.</description>
	<externalId>false</externalId>
	<inlineHelpText>Number of days it takes to teach the course.</inlineHelpText>
	<label>Duration</label>
	<precision>2</precision>
	<required>false</required>
	<scale>0</scale>
	<trackHistory>false</trackHistory>
	<trackTrending>false</trackTrending>
	<type>Number</type>
	<unique>false</unique>
</CustomField>
