<?xml version="1.0" encoding="UTF-8"?>
<CustomField xmlns="http://soap.sforce.com/2006/04/metadata">
	<fullName>Number_of_Courses_Delivered__c</fullName>
	<description>Number of courses delivered.</description>
	<externalId>false</externalId>
	<label># of Courses Delivered</label>
	<summaryFilterItems>
		<field>Course_Delivery__c.Status__c</field>
		<operation>equals</operation>
		<value>Delivered</value>
	</summaryFilterItems>
	<summaryForeignKey>Course_Delivery__c.Course__c</summaryForeignKey>
	<summaryOperation>count</summaryOperation>
	<trackHistory>false</trackHistory>
	<trackTrending>false</trackTrending>
	<type>Summary</type>
</CustomField>
