<?xml version="1.0" encoding="UTF-8"?>
<Profile xmlns="http://soap.sforce.com/2006/04/metadata">
	<applicationVisibilities>
		<application>Certification_Classic</application>
		<default>false</default>
		<visible>false</visible>
	</applicationVisibilities>
	<applicationVisibilities>
		<application>Certification_Lightning</application>
		<default>false</default>
		<visible>false</visible>
	</applicationVisibilities>
	<classAccesses>
		<apexClass>CourseAttendeeTriggerHandler</apexClass>
		<enabled>false</enabled>
	</classAccesses>
	<classAccesses>
		<apexClass>CourseTriggerHandler</apexClass>
		<enabled>false</enabled>
	</classAccesses>
	<custom>true</custom>
	<fieldPermissions>
		<editable>false</editable>
		<field>Certification_Element__c.Description__c</field>
		<readable>false</readable>
	</fieldPermissions>
	<fieldPermissions>
		<editable>false</editable>
		<field>Certification_Element__c.Type__c</field>
		<readable>false</readable>
	</fieldPermissions>
	<fieldPermissions>
		<editable>false</editable>
		<field>Certification_Held__c.Certified_Professional_Name__c</field>
		<readable>false</readable>
	</fieldPermissions>
	<fieldPermissions>
		<editable>false</editable>
		<field>Certification_Held__c.Date_Achieved__c</field>
		<readable>false</readable>
	</fieldPermissions>
	<fieldPermissions>
		<editable>false</editable>
		<field>Certification__c.Certification_Description__c</field>
		<readable>false</readable>
	</fieldPermissions>
	<fieldPermissions>
		<editable>false</editable>
		<field>Certification__c.Number_of_Certified_Professionals__c</field>
		<readable>false</readable>
	</fieldPermissions>
	<fieldPermissions>
		<editable>false</editable>
		<field>Certification__c.Status__c</field>
		<readable>false</readable>
	</fieldPermissions>
	<fieldPermissions>
		<editable>false</editable>
		<field>Course_Attendee__c.InstructorNotes__c</field>
		<readable>false</readable>
	</fieldPermissions>
	<fieldPermissions>
		<editable>false</editable>
		<field>Course_Attendee__c.Status__c</field>
		<readable>false</readable>
	</fieldPermissions>
	<fieldPermissions>
		<editable>false</editable>
		<field>Course_Attendee__c.Student_Name__c</field>
		<readable>false</readable>
	</fieldPermissions>
	<fieldPermissions>
		<editable>false</editable>
		<field>Course_Delivery__c.Attendee_Count__c</field>
		<readable>false</readable>
	</fieldPermissions>
	<fieldPermissions>
		<editable>false</editable>
		<field>Course_Delivery__c.Instructor__c</field>
		<readable>false</readable>
	</fieldPermissions>
	<fieldPermissions>
		<editable>false</editable>
		<field>Course_Delivery__c.Location__c</field>
		<readable>false</readable>
	</fieldPermissions>
	<fieldPermissions>
		<editable>false</editable>
		<field>Course_Delivery__c.Region__c</field>
		<readable>false</readable>
	</fieldPermissions>
	<fieldPermissions>
		<editable>false</editable>
		<field>Course_Delivery__c.Start_Date__c</field>
		<readable>false</readable>
	</fieldPermissions>
	<fieldPermissions>
		<editable>false</editable>
		<field>Course_Delivery__c.Status__c</field>
		<readable>false</readable>
	</fieldPermissions>
	<fieldPermissions>
		<editable>false</editable>
		<field>Course__c.Certification__c</field>
		<readable>false</readable>
	</fieldPermissions>
	<fieldPermissions>
		<editable>false</editable>
		<field>Course__c.Course_Description__c</field>
		<readable>false</readable>
	</fieldPermissions>
	<fieldPermissions>
		<editable>false</editable>
		<field>Course__c.Duration__c</field>
		<readable>false</readable>
	</fieldPermissions>
	<fieldPermissions>
		<editable>false</editable>
		<field>Course__c.Number_of_Courses_Delivered__c</field>
		<readable>false</readable>
	</fieldPermissions>
	<fieldPermissions>
		<editable>false</editable>
		<field>Course__c.Status__c</field>
		<readable>false</readable>
	</fieldPermissions>
	<fieldPermissions>
		<editable>false</editable>
		<field>TripReport__c.Date__c</field>
		<readable>false</readable>
	</fieldPermissions>
	<fieldPermissions>
		<editable>false</editable>
		<field>TripReport__c.Instructor__c</field>
		<readable>false</readable>
	</fieldPermissions>
	<fieldPermissions>
		<editable>false</editable>
		<field>TripReport__c.Rating__c</field>
		<readable>false</readable>
	</fieldPermissions>
	<fieldPermissions>
		<editable>false</editable>
		<field>TripReport__c.ReviewType__c</field>
		<readable>false</readable>
	</fieldPermissions>
	<fieldPermissions>
		<editable>false</editable>
		<field>TripReport__c.Review__c</field>
		<readable>false</readable>
	</fieldPermissions>
	<layoutAssignments>
		<layout>Certification_Held__c-Certification Held Layout</layout>
	</layoutAssignments>
	<layoutAssignments>
		<layout>Certification__c-Certification Layout</layout>
	</layoutAssignments>
	<layoutAssignments>
		<layout>Contact-Contact Layout</layout>
	</layoutAssignments>
	<layoutAssignments>
		<layout>Contact-Contact Layout</layout>
		<recordType>Contact.Standard</recordType>
	</layoutAssignments>
	<layoutAssignments>
		<layout>Contact-Contact Layout</layout>
		<recordType>Contact.Technician</recordType>
	</layoutAssignments>
	<layoutAssignments>
		<layout>Course_Attendee__c-Course Attendee Layout</layout>
	</layoutAssignments>
	<layoutAssignments>
		<layout>Course_Delivery__c-Course Delivery Layout</layout>
	</layoutAssignments>
	<layoutAssignments>
		<layout>Course__c-Course Layout</layout>
	</layoutAssignments>
	<layoutAssignments>
		<layout>TripReport__c-Trip Report Layout</layout>
	</layoutAssignments>
	<recordTypeVisibilities>
		<default>false</default>
		<recordType>Account.Customer</recordType>
		<visible>false</visible>
	</recordTypeVisibilities>
	<recordTypeVisibilities>
		<default>false</default>
		<recordType>Account.Service_Vendor</recordType>
		<visible>false</visible>
	</recordTypeVisibilities>
	<recordTypeVisibilities>
		<default>false</default>
		<recordType>Contact.Standard</recordType>
		<visible>false</visible>
	</recordTypeVisibilities>
	<recordTypeVisibilities>
		<default>false</default>
		<recordType>Contact.Technician</recordType>
		<visible>false</visible>
	</recordTypeVisibilities>
	<tabVisibilities>
		<tab>Certification__c</tab>
		<visibility>Hidden</visibility>
	</tabVisibilities>
	<tabVisibilities>
		<tab>Course_Delivery__c</tab>
		<visibility>Hidden</visibility>
	</tabVisibilities>
	<tabVisibilities>
		<tab>Course__c</tab>
		<visibility>Hidden</visibility>
	</tabVisibilities>
	<tabVisibilities>
		<tab>TripReport__c</tab>
		<visibility>Hidden</visibility>
	</tabVisibilities>
	<userLicense>Salesforce</userLicense>
	<userPermissions>
		<enabled>true</enabled>
		<name>ActivitiesAccess</name>
	</userPermissions>
	<userPermissions>
		<enabled>true</enabled>
		<name>AddDirectMessageMembers</name>
	</userPermissions>
	<userPermissions>
		<enabled>true</enabled>
		<name>AllowUniversalSearch</name>
	</userPermissions>
	<userPermissions>
		<enabled>true</enabled>
		<name>AllowViewKnowledge</name>
	</userPermissions>
	<userPermissions>
		<enabled>true</enabled>
		<name>ApexRestServices</name>
	</userPermissions>
	<userPermissions>
		<enabled>true</enabled>
		<name>ApiEnabled</name>
	</userPermissions>
	<userPermissions>
		<enabled>true</enabled>
		<name>AssignTopics</name>
	</userPermissions>
	<userPermissions>
		<enabled>true</enabled>
		<name>ChatterEditOwnPost</name>
	</userPermissions>
	<userPermissions>
		<enabled>true</enabled>
		<name>ChatterFileLink</name>
	</userPermissions>
	<userPermissions>
		<enabled>true</enabled>
		<name>ChatterInternalUser</name>
	</userPermissions>
	<userPermissions>
		<enabled>true</enabled>
		<name>ChatterInviteExternalUsers</name>
	</userPermissions>
	<userPermissions>
		<enabled>true</enabled>
		<name>ChatterOwnGroups</name>
	</userPermissions>
	<userPermissions>
		<enabled>true</enabled>
		<name>ContentWorkspaces</name>
	</userPermissions>
	<userPermissions>
		<enabled>true</enabled>
		<name>ConvertLeads</name>
	</userPermissions>
	<userPermissions>
		<enabled>true</enabled>
		<name>CreateCustomizeFilters</name>
	</userPermissions>
	<userPermissions>
		<enabled>true</enabled>
		<name>CreateCustomizeReports</name>
	</userPermissions>
	<userPermissions>
		<enabled>true</enabled>
		<name>CreateTopics</name>
	</userPermissions>
	<userPermissions>
		<enabled>true</enabled>
		<name>DistributeFromPersWksp</name>
	</userPermissions>
	<userPermissions>
		<enabled>true</enabled>
		<name>EditEvent</name>
	</userPermissions>
	<userPermissions>
		<enabled>true</enabled>
		<name>EditOppLineItemUnitPrice</name>
	</userPermissions>
	<userPermissions>
		<enabled>true</enabled>
		<name>EditTask</name>
	</userPermissions>
	<userPermissions>
		<enabled>true</enabled>
		<name>EditTopics</name>
	</userPermissions>
	<userPermissions>
		<enabled>true</enabled>
		<name>EmailMass</name>
	</userPermissions>
	<userPermissions>
		<enabled>true</enabled>
		<name>EmailSingle</name>
	</userPermissions>
	<userPermissions>
		<enabled>true</enabled>
		<name>EnableCommunityAppLauncher</name>
	</userPermissions>
	<userPermissions>
		<enabled>true</enabled>
		<name>EnableNotifications</name>
	</userPermissions>
	<userPermissions>
		<enabled>true</enabled>
		<name>ExportReport</name>
	</userPermissions>
	<userPermissions>
		<enabled>true</enabled>
		<name>FieldServiceAccess</name>
	</userPermissions>
	<userPermissions>
		<enabled>true</enabled>
		<name>ImportPersonal</name>
	</userPermissions>
	<userPermissions>
		<enabled>true</enabled>
		<name>LightningConsoleAllowedForUser</name>
	</userPermissions>
	<userPermissions>
		<enabled>true</enabled>
		<name>LightningExperienceUser</name>
	</userPermissions>
	<userPermissions>
		<enabled>true</enabled>
		<name>ListEmailSend</name>
	</userPermissions>
	<userPermissions>
		<enabled>true</enabled>
		<name>MassInlineEdit</name>
	</userPermissions>
	<userPermissions>
		<enabled>true</enabled>
		<name>RemoveDirectMessageMembers</name>
	</userPermissions>
	<userPermissions>
		<enabled>true</enabled>
		<name>RunReports</name>
	</userPermissions>
	<userPermissions>
		<enabled>true</enabled>
		<name>SelectFilesFromSalesforce</name>
	</userPermissions>
	<userPermissions>
		<enabled>true</enabled>
		<name>SendExternalEmailAvailable</name>
	</userPermissions>
	<userPermissions>
		<enabled>true</enabled>
		<name>SendSitRequests</name>
	</userPermissions>
	<userPermissions>
		<enabled>true</enabled>
		<name>ShowCompanyNameAsUserBadge</name>
	</userPermissions>
	<userPermissions>
		<enabled>true</enabled>
		<name>SubmitMacrosAllowed</name>
	</userPermissions>
	<userPermissions>
		<enabled>true</enabled>
		<name>SubscribeToLightningReports</name>
	</userPermissions>
	<userPermissions>
		<enabled>true</enabled>
		<name>UseWebLink</name>
	</userPermissions>
	<userPermissions>
		<enabled>true</enabled>
		<name>ViewHelpLink</name>
	</userPermissions>
	<userPermissions>
		<enabled>true</enabled>
		<name>ViewRoles</name>
	</userPermissions>
	<userPermissions>
		<enabled>true</enabled>
		<name>ViewSetup</name>
	</userPermissions>
</Profile>
