<?xml version="1.0" encoding="UTF-8"?>
<CustomField xmlns="http://soap.sforce.com/2006/04/metadata">
	<fullName>Certified_Professional__c</fullName>
	<description>Contact who is certified.</description>
	<externalId>false</externalId>
	<label>Certified Professional</label>
	<lookupFilter>
		<active>true</active>
		<filterItems>
			<field>Contact.RecordTypeId</field>
			<operation>equals</operation>
			<value>Technician</value>
		</filterItems>
		<isOptional>false</isOptional>
	</lookupFilter>
	<referenceTo>Contact</referenceTo>
	<relationshipLabel>Certifications Held</relationshipLabel>
	<relationshipName>Certifications_Held</relationshipName>
	<relationshipOrder>1</relationshipOrder>
	<reparentableMasterDetail>false</reparentableMasterDetail>
	<trackHistory>false</trackHistory>
	<trackTrending>false</trackTrending>
	<type>MasterDetail</type>
	<writeRequiresMasterRead>false</writeRequiresMasterRead>
</CustomField>
