<?xml version="1.0" encoding="UTF-8"?>
<CustomField xmlns="http://soap.sforce.com/2006/04/metadata">
	<fullName>Certified_Professional_Name__c</fullName>
	<description>Link to the certified professional record. Designed to be added to related lists.</description>
	<externalId>false</externalId>
	<formula>HYPERLINK( Certified_Professional__r.Id, TRIM( Certified_Professional__r.FirstName &amp; &quot; &quot; &amp; Certified_Professional__r.LastName ), &quot;_self&quot; )</formula>
	<formulaTreatBlanksAs>BlankAsZero</formulaTreatBlanksAs>
	<label>Certified Professional Name</label>
	<required>false</required>
	<trackHistory>false</trackHistory>
	<trackTrending>false</trackTrending>
	<type>Text</type>
	<unique>false</unique>
</CustomField>
