<?xml version="1.0" encoding="UTF-8"?>
<CustomField xmlns="http://soap.sforce.com/2006/04/metadata">
	<fullName>Type__c</fullName>
	<description>Type of certification element.</description>
	<externalId>false</externalId>
	<label>Type</label>
	<required>false</required>
	<trackHistory>false</trackHistory>
	<trackTrending>false</trackTrending>
	<type>Picklist</type>
	<valueSet>
		<valueSetDefinition>
			<sorted>false</sorted>
			<value>
				<fullName>Multiple Choice</fullName>
				<default>false</default>
				<label>Multiple Choice</label>
			</value>
			<value>
				<fullName>Lab</fullName>
				<default>false</default>
				<label>Lab</label>
			</value>
		</valueSetDefinition>
	</valueSet>
</CustomField>
