{
	"fetched": 102,
	"records": [
		{
			"attributes": {
				"type": "Case",
				"url": "/services/data/v44.0/sobjects/Case/5001U000001edXCQAY"
			},
			"AccountId": "0011U000003HullQAC",
			"Comments": null,
			"ContactId": "0031U000002Z1puQAC",
			"Description": "The color printing function is not working.",
			"Id": "5001U000001edXCQAY",
			"IsEscalated": false,
			"Origin": "Phone",
			"Priority": "Medium",
			"Reason": null,
			"Status": "New",
			"Subject": "Printer only prints in black and white.",
			"SuppliedCompany": null,
			"SuppliedEmail": null,
			"SuppliedName": null,
			"SuppliedPhone": null,
			"Type": "Product"
		},
		{
			"attributes": {
				"type": "Case",
				"url": "/services/data/v44.0/sobjects/Case/5001U000001edXDQAY"
			},
			"AccountId": "0011U000003HumBQAS",
			"Comments": null,
			"ContactId": "0031U000002Z1qQQAS",
			"Description": "cable from monitor to computer needs to be replaced",
			"Id": "5001U000001edXDQAY",
			"IsEscalated": false,
			"Origin": "Email",
			"Priority": "Medium",
			"Reason": null,
			"Status": "New",
			"Subject": "Cable Connection",
			"SuppliedCompany": null,
			"SuppliedEmail": null,
			"SuppliedName": null,
			"SuppliedPhone": null,
			"Type": "Product"
		},
		{
			"attributes": {
				"type": "Case",
				"url": "/services/data/v44.0/sobjects/Case/5001U000001edXEQAY"
			},
			"AccountId": "0011U000003HulxQAC",
			"Comments": null,
			"ContactId": "0031U000002Z1q2QAC",
			"Description": "screen goes blank at random times. has to reboot to get it to turn on again.",
			"Id": "5001U000001edXEQAY",
			"IsEscalated": false,
			"Origin": "Email",
			"Priority": "Medium",
			"Reason": null,
			"Status": "New",
			"Subject": "Laptop screen",
			"SuppliedCompany": null,
			"SuppliedEmail": null,
			"SuppliedName": null,
			"SuppliedPhone": null,
			"Type": "Product"
		},
		{
			"attributes": {
				"type": "Case",
				"url": "/services/data/v44.0/sobjects/Case/5001U000001edXFQAY"
			},
			"AccountId": "0011U000003HumbQAC",
			"Comments": null,
			"ContactId": "0031U000002Z1rFQAS",
			"Description": "have not received shipment of 20 laptops ordered last week (order #33955)",
			"Id": "5001U000001edXFQAY",
			"IsEscalated": false,
			"Origin": "Email",
			"Priority": "Medium",
			"Reason": null,
			"Status": "New",
			"Subject": "Laptop shipment",
			"SuppliedCompany": null,
			"SuppliedEmail": null,
			"SuppliedName": null,
			"SuppliedPhone": null,
			"Type": "Shipping"
		},
		{
			"attributes": {
				"type": "Case",
				"url": "/services/data/v44.0/sobjects/Case/5001U000001edXGQAY"
			},
			"AccountId": "0011U000003HulzQAC",
			"Comments": null,
			"ContactId": "0031U000002Z1q6QAC",
			"Description": "wants to know printer options for her laptop spider series",
			"Id": "5001U000001edXGQAY",
			"IsEscalated": false,
			"Origin": "Phone",
			"Priority": "Medium",
			"Reason": null,
			"Status": "New",
			"Subject": "Printer options for laptop R6",
			"SuppliedCompany": null,
			"SuppliedEmail": null,
			"SuppliedName": null,
			"SuppliedPhone": null,
			"Type": "Product"
		},
		{
			"attributes": {
				"type": "Case",
				"url": "/services/data/v44.0/sobjects/Case/5001U000001edXHQAY"
			},
			"AccountId": "0011U000003Hum4QAC",
			"Comments": null,
			"ContactId": "0031U000002Z1qMQAS",
			"Description": "keyboard stopped working after installing new mouse software",
			"Id": "5001U000001edXHQAY",
			"IsEscalated": false,
			"Origin": "Email",
			"Priority": "Medium",
			"Reason": null,
			"Status": "New",
			"Subject": "Frozen keyboard",
			"SuppliedCompany": null,
			"SuppliedEmail": null,
			"SuppliedName": null,
			"SuppliedPhone": null,
			"Type": null
		},
		{
			"attributes": {
				"type": "Case",
				"url": "/services/data/v44.0/sobjects/Case/5001U000001edXIQAY"
			},
			"AccountId": "0011U000003HunGQAS",
			"Comments": null,
			"ContactId": "0031U000002Z1sFQAS",
			"Description": "My printer is jammed.",
			"Id": "5001U000001edXIQAY",
			"IsEscalated": false,
			"Origin": "Phone",
			"Priority": "Medium",
			"Reason": null,
			"Status": "New",
			"Subject": "Printer jammed",
			"SuppliedCompany": null,
			"SuppliedEmail": null,
			"SuppliedName": null,
			"SuppliedPhone": null,
			"Type": "Product"
		},
		{
			"attributes": {
				"type": "Case",
				"url": "/services/data/v44.0/sobjects/Case/5001U000001edXJQAY"
			},
			"AccountId": "0011U000003HumOQAS",
			"Comments": null,
			"ContactId": "0031U000002Z1qzQAC",
			"Description": "keyboard stopped working after installing new mouse software",
			"Id": "5001U000001edXJQAY",
			"IsEscalated": false,
			"Origin": "Phone",
			"Priority": "Medium",
			"Reason": null,
			"Status": "New",
			"Subject": "Frozen keyboard",
			"SuppliedCompany": null,
			"SuppliedEmail": null,
			"SuppliedName": null,
			"SuppliedPhone": null,
			"Type": null
		},
		{
			"attributes": {
				"type": "Case",
				"url": "/services/data/v44.0/sobjects/Case/5001U000001edXKQAY"
			},
			"AccountId": "0011U000003Hun4QAC",
			"Comments": null,
			"ContactId": "0031U000002Z1rkQAC",
			"Description": "keyboard stopped working after installing new mouse software",
			"Id": "5001U000001edXKQAY",
			"IsEscalated": false,
			"Origin": "Phone",
			"Priority": "Medium",
			"Reason": null,
			"Status": "New",
			"Subject": "Frozen keyboard",
			"SuppliedCompany": null,
			"SuppliedEmail": null,
			"SuppliedName": null,
			"SuppliedPhone": null,
			"Type": null
		},
		{
			"attributes": {
				"type": "Case",
				"url": "/services/data/v44.0/sobjects/Case/5001U000001edXLQAY"
			},
			"AccountId": "0011U000003HumGQAS",
			"Comments": null,
			"ContactId": "0031U000002Z1qWQAS",
			"Description": "screen goes blank at random times. has to reboot to get it to turn on again.",
			"Id": "5001U000001edXLQAY",
			"IsEscalated": false,
			"Origin": "Email",
			"Priority": "Medium",
			"Reason": null,
			"Status": "New",
			"Subject": "Laptop screen",
			"SuppliedCompany": null,
			"SuppliedEmail": null,
			"SuppliedName": null,
			"SuppliedPhone": null,
			"Type": "Product"
		},
		{
			"attributes": {
				"type": "Case",
				"url": "/services/data/v44.0/sobjects/Case/5001U000001edXMQAY"
			},
			"AccountId": "0011U000003HumWQAS",
			"Comments": null,
			"ContactId": "0031U000002Z1r3QAC",
			"Description": "screen goes blank at random times. has to reboot to get it to turn on again.",
			"Id": "5001U000001edXMQAY",
			"IsEscalated": false,
			"Origin": "Email",
			"Priority": "Medium",
			"Reason": null,
			"Status": "New",
			"Subject": "Laptop screen",
			"SuppliedCompany": null,
			"SuppliedEmail": null,
			"SuppliedName": null,
			"SuppliedPhone": null,
			"Type": "Product"
		},
		{
			"attributes": {
				"type": "Case",
				"url": "/services/data/v44.0/sobjects/Case/5001U000001edXNQAY"
			},
			"AccountId": "0011U000003HunHQAS",
			"Comments": null,
			"ContactId": "0031U000002Z1sGQAS",
			"Description": "printer is printing everything out of alignment",
			"Id": "5001U000001edXNQAY",
			"IsEscalated": false,
			"Origin": "Web",
			"Priority": "Low",
			"Reason": null,
			"Status": "New",
			"Subject": "Printer alignment",
			"SuppliedCompany": null,
			"SuppliedEmail": null,
			"SuppliedName": null,
			"SuppliedPhone": null,
			"Type": "Product"
		},
		{
			"attributes": {
				"type": "Case",
				"url": "/services/data/v44.0/sobjects/Case/5001U000001edXOQAY"
			},
			"AccountId": "0011U000003HunIQAS",
			"Comments": null,
			"ContactId": "0031U000002Z1sHQAS",
			"Description": "printer is printing everything out of alignment",
			"Id": "5001U000001edXOQAY",
			"IsEscalated": false,
			"Origin": "Email",
			"Priority": "High",
			"Reason": null,
			"Status": "New",
			"Subject": "Printer alignment",
			"SuppliedCompany": null,
			"SuppliedEmail": null,
			"SuppliedName": null,
			"SuppliedPhone": null,
			"Type": "Product"
		},
		{
			"attributes": {
				"type": "Case",
				"url": "/services/data/v44.0/sobjects/Case/5001U000001edXPQAY"
			},
			"AccountId": "0011U000003HumRQAS",
			"Comments": null,
			"ContactId": "0031U000002Z1qnQAC",
			"Description": "connection to wireless network is not working for new desktop series 4500",
			"Id": "5001U000001edXPQAY",
			"IsEscalated": false,
			"Origin": "Phone",
			"Priority": "High",
			"Reason": null,
			"Status": "New",
			"Subject": "Network Connection",
			"SuppliedCompany": null,
			"SuppliedEmail": null,
			"SuppliedName": null,
			"SuppliedPhone": null,
			"Type": "Product"
		},
		{
			"attributes": {
				"type": "Case",
				"url": "/services/data/v44.0/sobjects/Case/5001U000001edXQQAY"
			},
			"AccountId": "0011U000003HunJQAS",
			"Comments": null,
			"ContactId": "0031U000002Z1sIQAS",
			"Description": "connection to wireless network is not working for new desktop series 4500",
			"Id": "5001U000001edXQQAY",
			"IsEscalated": false,
			"Origin": "Phone",
			"Priority": "Low",
			"Reason": null,
			"Status": "New",
			"Subject": "Network Connection",
			"SuppliedCompany": null,
			"SuppliedEmail": null,
			"SuppliedName": null,
			"SuppliedPhone": null,
			"Type": "Product"
		},
		{
			"attributes": {
				"type": "Case",
				"url": "/services/data/v44.0/sobjects/Case/5001U000001edXRQAY"
			},
			"AccountId": "0011U000003Hun6QAC",
			"Comments": null,
			"ContactId": "0031U000002Z1rmQAC",
			"Description": "connection to wireless network is not working for new desktop series 4500",
			"Id": "5001U000001edXRQAY",
			"IsEscalated": false,
			"Origin": "Phone",
			"Priority": "Low",
			"Reason": null,
			"Status": "New",
			"Subject": "Network Connection",
			"SuppliedCompany": null,
			"SuppliedEmail": null,
			"SuppliedName": null,
			"SuppliedPhone": null,
			"Type": "Product"
		},
		{
			"attributes": {
				"type": "Case",
				"url": "/services/data/v44.0/sobjects/Case/5001U000001edXSQAY"
			},
			"AccountId": "0011U000003HunKQAS",
			"Comments": null,
			"ContactId": "0031U000002Z1sJQAS",
			"Description": "monitor is flickering and turning on and off",
			"Id": "5001U000001edXSQAY",
			"IsEscalated": false,
			"Origin": "Email",
			"Priority": "High",
			"Reason": null,
			"Status": "New",
			"Subject": "Monitor is not working",
			"SuppliedCompany": null,
			"SuppliedEmail": null,
			"SuppliedName": null,
			"SuppliedPhone": null,
			"Type": "Product"
		},
		{
			"attributes": {
				"type": "Case",
				"url": "/services/data/v44.0/sobjects/Case/5001U000001edXTQAY"
			},
			"AccountId": "0011U000003Hun9QAC",
			"Comments": null,
			"ContactId": "0031U000002Z1rpQAC",
			"Description": "monitor is flickering and turning on and off",
			"Id": "5001U000001edXTQAY",
			"IsEscalated": false,
			"Origin": "Email",
			"Priority": "High",
			"Reason": null,
			"Status": "New",
			"Subject": "Monitor is not working",
			"SuppliedCompany": null,
			"SuppliedEmail": null,
			"SuppliedName": null,
			"SuppliedPhone": null,
			"Type": "Product"
		},
		{
			"attributes": {
				"type": "Case",
				"url": "/services/data/v44.0/sobjects/Case/5001U000001edXUQAY"
			},
			"AccountId": "0011U000003HumHQAS",
			"Comments": null,
			"ContactId": "0031U000002Z1qXQAS",
			"Description": "monitor is flickering and turning on and off",
			"Id": "5001U000001edXUQAY",
			"IsEscalated": false,
			"Origin": "Email",
			"Priority": "Medium",
			"Reason": null,
			"Status": "Working",
			"Subject": "Monitor is not working",
			"SuppliedCompany": null,
			"SuppliedEmail": null,
			"SuppliedName": null,
			"SuppliedPhone": null,
			"Type": "Product"
		},
		{
			"attributes": {
				"type": "Case",
				"url": "/services/data/v44.0/sobjects/Case/5001U000001edXVQAY"
			},
			"AccountId": "0011U000003HumMQAS",
			"Comments": null,
			"ContactId": "0031U000002Z1qdQAC",
			"Description": "monitor is flickering and turning on and off",
			"Id": "5001U000001edXVQAY",
			"IsEscalated": false,
			"Origin": "Email",
			"Priority": "High",
			"Reason": null,
			"Status": "New",
			"Subject": "Monitor is not working",
			"SuppliedCompany": null,
			"SuppliedEmail": null,
			"SuppliedName": null,
			"SuppliedPhone": null,
			"Type": "Product"
		},
		{
			"attributes": {
				"type": "Case",
				"url": "/services/data/v44.0/sobjects/Case/5001U000001edXWQAY"
			},
			"AccountId": "0011U000003HumoQAC",
			"Comments": null,
			"ContactId": "0031U000002Z1rUQAS",
			"Description": "monitor is flickering and turning on and off",
			"Id": "5001U000001edXWQAY",
			"IsEscalated": false,
			"Origin": "Email",
			"Priority": "Medium",
			"Reason": null,
			"Status": "Working",
			"Subject": "Monitor is not working",
			"SuppliedCompany": null,
			"SuppliedEmail": null,
			"SuppliedName": null,
			"SuppliedPhone": null,
			"Type": "Product"
		},
		{
			"attributes": {
				"type": "Case",
				"url": "/services/data/v44.0/sobjects/Case/5001U000001edXXQAY"
			},
			"AccountId": "0011U000003HumEQAS",
			"Comments": null,
			"ContactId": "0031U000002Z1qUQAS",
			"Description": "Phone jack connector is not registering.",
			"Id": "5001U000001edXXQAY",
			"IsEscalated": false,
			"Origin": "Email",
			"Priority": "Medium",
			"Reason": null,
			"Status": "New",
			"Subject": "Phone jack connector",
			"SuppliedCompany": null,
			"SuppliedEmail": null,
			"SuppliedName": null,
			"SuppliedPhone": null,
			"Type": null
		},
		{
			"attributes": {
				"type": "Case",
				"url": "/services/data/v44.0/sobjects/Case/5001U000001edXYQAY"
			},
			"AccountId": "0011U000003HumAQAS",
			"Comments": null,
			"ContactId": "0031U000002Z1qOQAS",
			"Description": "Phone jack connector is not registering.",
			"Id": "5001U000001edXYQAY",
			"IsEscalated": false,
			"Origin": "Email",
			"Priority": "Medium",
			"Reason": null,
			"Status": "New",
			"Subject": "Phone jack connector",
			"SuppliedCompany": null,
			"SuppliedEmail": null,
			"SuppliedName": null,
			"SuppliedPhone": null,
			"Type": null
		},
		{
			"attributes": {
				"type": "Case",
				"url": "/services/data/v44.0/sobjects/Case/5001U000001edXZQAY"
			},
			"AccountId": "0011U000003HumNQAS",
			"Comments": null,
			"ContactId": "0031U000002Z1qeQAC",
			"Description": "Phone jack connector is not registering.",
			"Id": "5001U000001edXZQAY",
			"IsEscalated": false,
			"Origin": "Web",
			"Priority": "High",
			"Reason": null,
			"Status": "Working",
			"Subject": "Phone jack connector",
			"SuppliedCompany": null,
			"SuppliedEmail": null,
			"SuppliedName": null,
			"SuppliedPhone": null,
			"Type": null
		},
		{
			"attributes": {
				"type": "Case",
				"url": "/services/data/v44.0/sobjects/Case/5001U000001edXaQAI"
			},
			"AccountId": "0011U000003HunBQAS",
			"Comments": null,
			"ContactId": "0031U000002Z1rrQAC",
			"Description": "Phone jack connector is not registering.",
			"Id": "5001U000001edXaQAI",
			"IsEscalated": false,
			"Origin": "Web",
			"Priority": "High",
			"Reason": null,
			"Status": "New",
			"Subject": "Phone jack connector",
			"SuppliedCompany": null,
			"SuppliedEmail": null,
			"SuppliedName": null,
			"SuppliedPhone": null,
			"Type": null
		},
		{
			"attributes": {
				"type": "Case",
				"url": "/services/data/v44.0/sobjects/Case/5001U000001edXbQAI"
			},
			"AccountId": "0011U000003HumgQAC",
			"Comments": null,
			"ContactId": "0031U000002Z1rLQAS",
			"Description": "Phone jack connector is not registering.",
			"Id": "5001U000001edXbQAI",
			"IsEscalated": false,
			"Origin": "Web",
			"Priority": "High",
			"Reason": null,
			"Status": "Bug Logged",
			"Subject": "Phone jack connector",
			"SuppliedCompany": null,
			"SuppliedEmail": null,
			"SuppliedName": null,
			"SuppliedPhone": null,
			"Type": null
		},
		{
			"attributes": {
				"type": "Case",
				"url": "/services/data/v44.0/sobjects/Case/5001U000001edXcQAI"
			},
			"AccountId": "0011U000003Hum8QAC",
			"Comments": null,
			"ContactId": "0031U000002Z1qKQAS",
			"Description": "Phone jack connector is not registering.",
			"Id": "5001U000001edXcQAI",
			"IsEscalated": false,
			"Origin": "Web",
			"Priority": "High",
			"Reason": null,
			"Status": "New",
			"Subject": "Phone jack connector",
			"SuppliedCompany": null,
			"SuppliedEmail": null,
			"SuppliedName": null,
			"SuppliedPhone": null,
			"Type": null
		},
		{
			"attributes": {
				"type": "Case",
				"url": "/services/data/v44.0/sobjects/Case/5001U000001edXdQAI"
			},
			"AccountId": "0011U000003Hum0QAC",
			"Comments": null,
			"ContactId": "0031U000002Z1q8QAC",
			"Description": "customer is having trouble with his printer",
			"Id": "5001U000001edXdQAI",
			"IsEscalated": false,
			"Origin": "Web",
			"Priority": "High",
			"Reason": null,
			"Status": "New",
			"Subject": "Install the driver for my printer",
			"SuppliedCompany": null,
			"SuppliedEmail": null,
			"SuppliedName": null,
			"SuppliedPhone": null,
			"Type": null
		},
		{
			"attributes": {
				"type": "Case",
				"url": "/services/data/v44.0/sobjects/Case/5001U000001edXeQAI"
			},
			"AccountId": "0011U000003HulhQAC",
			"Comments": null,
			"ContactId": "0031U000002Z1oyQAC",
			"Description": "customer is having trouble with his printer",
			"Id": "5001U000001edXeQAI",
			"IsEscalated": false,
			"Origin": "Web",
			"Priority": "High",
			"Reason": null,
			"Status": "New",
			"Subject": "Install the driver for my printer",
			"SuppliedCompany": null,
			"SuppliedEmail": null,
			"SuppliedName": null,
			"SuppliedPhone": null,
			"Type": null
		},
		{
			"attributes": {
				"type": "Case",
				"url": "/services/data/v44.0/sobjects/Case/5001U000001edXfQAI"
			},
			"AccountId": "0011U000003HumCQAS",
			"Comments": null,
			"ContactId": "0031U000002Z1qSQAS",
			"Description": "customer is having trouble with his printer",
			"Id": "5001U000001edXfQAI",
			"IsEscalated": false,
			"Origin": "Web",
			"Priority": "Low",
			"Reason": null,
			"Status": "New",
			"Subject": "Install the driver for my printer",
			"SuppliedCompany": null,
			"SuppliedEmail": null,
			"SuppliedName": null,
			"SuppliedPhone": null,
			"Type": null
		},
		{
			"attributes": {
				"type": "Case",
				"url": "/services/data/v44.0/sobjects/Case/5001U000001edXgQAI"
			},
			"AccountId": "0011U000003HumfQAC",
			"Comments": null,
			"ContactId": "0031U000002Z1rKQAS",
			"Description": "How do I clear a printer jam?",
			"Id": "5001U000001edXgQAI",
			"IsEscalated": false,
			"Origin": "Email",
			"Priority": "Medium",
			"Reason": null,
			"Status": "New",
			"Subject": "Printer jam",
			"SuppliedCompany": null,
			"SuppliedEmail": null,
			"SuppliedName": null,
			"SuppliedPhone": null,
			"Type": "Product"
		},
		{
			"attributes": {
				"type": "Case",
				"url": "/services/data/v44.0/sobjects/Case/5001U000001edXhQAI"
			},
			"AccountId": "0011U000003HumnQAC",
			"Comments": null,
			"ContactId": "0031U000002Z1rTQAS",
			"Description": "How do I clear a printer jam?",
			"Id": "5001U000001edXhQAI",
			"IsEscalated": false,
			"Origin": "Email",
			"Priority": "Medium",
			"Reason": null,
			"Status": "Working",
			"Subject": "Printer jam",
			"SuppliedCompany": null,
			"SuppliedEmail": null,
			"SuppliedName": null,
			"SuppliedPhone": null,
			"Type": "Product"
		},
		{
			"attributes": {
				"type": "Case",
				"url": "/services/data/v44.0/sobjects/Case/5001U000001edXiQAI"
			},
			"AccountId": "0011U000003HumcQAC",
			"Comments": null,
			"ContactId": "0031U000002Z1rGQAS",
			"Description": "How do I clear a printer jam?",
			"Id": "5001U000001edXiQAI",
			"IsEscalated": false,
			"Origin": "Email",
			"Priority": "Medium",
			"Reason": null,
			"Status": "New",
			"Subject": "Printer jam",
			"SuppliedCompany": null,
			"SuppliedEmail": null,
			"SuppliedName": null,
			"SuppliedPhone": null,
			"Type": "Product"
		},
		{
			"attributes": {
				"type": "Case",
				"url": "/services/data/v44.0/sobjects/Case/5001U000001edXjQAI"
			},
			"AccountId": "0011U000003Hun0QAC",
			"Comments": null,
			"ContactId": "0031U000002Z1rgQAC",
			"Description": "How do I clear a printer jam?",
			"Id": "5001U000001edXjQAI",
			"IsEscalated": false,
			"Origin": "Email",
			"Priority": "Medium",
			"Reason": null,
			"Status": "New",
			"Subject": "Printer jam",
			"SuppliedCompany": null,
			"SuppliedEmail": null,
			"SuppliedName": null,
			"SuppliedPhone": null,
			"Type": "Product"
		},
		{
			"attributes": {
				"type": "Case",
				"url": "/services/data/v44.0/sobjects/Case/5001U000001edXkQAI"
			},
			"AccountId": "0011U000003HumpQAC",
			"Comments": null,
			"ContactId": "0031U000002Z1rVQAS",
			"Description": "How do I clear a printer jam?",
			"Id": "5001U000001edXkQAI",
			"IsEscalated": false,
			"Origin": "Email",
			"Priority": "Medium",
			"Reason": null,
			"Status": "New",
			"Subject": "Printer jam",
			"SuppliedCompany": null,
			"SuppliedEmail": null,
			"SuppliedName": null,
			"SuppliedPhone": null,
			"Type": "Product"
		},
		{
			"attributes": {
				"type": "Case",
				"url": "/services/data/v44.0/sobjects/Case/5001U000001edXlQAI"
			},
			"AccountId": "0011U000003HunLQAS",
			"Comments": null,
			"ContactId": "0031U000002Z1sKQAS",
			"Description": "How do I clear a printer jam?",
			"Id": "5001U000001edXlQAI",
			"IsEscalated": false,
			"Origin": "Email",
			"Priority": "Medium",
			"Reason": null,
			"Status": "New",
			"Subject": "Printer jam",
			"SuppliedCompany": null,
			"SuppliedEmail": null,
			"SuppliedName": null,
			"SuppliedPhone": null,
			"Type": "Product"
		},
		{
			"attributes": {
				"type": "Case",
				"url": "/services/data/v44.0/sobjects/Case/5001U000001edXmQAI"
			},
			"AccountId": "0011U000003HunMQAS",
			"Comments": null,
			"ContactId": "0031U000002Z1sLQAS",
			"Description": "Need help with installing a new software",
			"Id": "5001U000001edXmQAI",
			"IsEscalated": false,
			"Origin": "Web",
			"Priority": "High",
			"Reason": null,
			"Status": "New",
			"Subject": "Desktop support",
			"SuppliedCompany": null,
			"SuppliedEmail": null,
			"SuppliedName": null,
			"SuppliedPhone": null,
			"Type": "Product"
		},
		{
			"attributes": {
				"type": "Case",
				"url": "/services/data/v44.0/sobjects/Case/5001U000001edXnQAI"
			},
			"AccountId": "0011U000003Hum3QAC",
			"Comments": null,
			"ContactId": "0031U000002Z1qDQAS",
			"Description": "Need help with installing a new software",
			"Id": "5001U000001edXnQAI",
			"IsEscalated": false,
			"Origin": "Web",
			"Priority": "High",
			"Reason": null,
			"Status": "New",
			"Subject": "Desktop support",
			"SuppliedCompany": null,
			"SuppliedEmail": null,
			"SuppliedName": null,
			"SuppliedPhone": null,
			"Type": "Product"
		},
		{
			"attributes": {
				"type": "Case",
				"url": "/services/data/v44.0/sobjects/Case/5001U000001edXoQAI"
			},
			"AccountId": "0011U000003HunFQAS",
			"Comments": null,
			"ContactId": "0031U000002Z1rvQAC",
			"Description": "Need help with installing a new software",
			"Id": "5001U000001edXoQAI",
			"IsEscalated": false,
			"Origin": "Web",
			"Priority": "High",
			"Reason": null,
			"Status": "New",
			"Subject": "Desktop support",
			"SuppliedCompany": null,
			"SuppliedEmail": null,
			"SuppliedName": null,
			"SuppliedPhone": null,
			"Type": "Product"
		},
		{
			"attributes": {
				"type": "Case",
				"url": "/services/data/v44.0/sobjects/Case/5001U000001edXpQAI"
			},
			"AccountId": "0011U000003HulkQAC",
			"Comments": null,
			"ContactId": "0031U000002Z1piQAC",
			"Description": "Need help with installing a new software",
			"Id": "5001U000001edXpQAI",
			"IsEscalated": false,
			"Origin": "Web",
			"Priority": "High",
			"Reason": null,
			"Status": "New",
			"Subject": "Desktop support",
			"SuppliedCompany": null,
			"SuppliedEmail": null,
			"SuppliedName": null,
			"SuppliedPhone": null,
			"Type": "Product"
		},
		{
			"attributes": {
				"type": "Case",
				"url": "/services/data/v44.0/sobjects/Case/5001U000001edXqQAI"
			},
			"AccountId": "0011U000003HunNQAS",
			"Comments": null,
			"ContactId": "0031U000002Z1sMQAS",
			"Description": "Need help with installing a new software",
			"Id": "5001U000001edXqQAI",
			"IsEscalated": false,
			"Origin": "Web",
			"Priority": "High",
			"Reason": null,
			"Status": "New",
			"Subject": "Desktop support",
			"SuppliedCompany": null,
			"SuppliedEmail": null,
			"SuppliedName": null,
			"SuppliedPhone": null,
			"Type": "Product"
		},
		{
			"attributes": {
				"type": "Case",
				"url": "/services/data/v44.0/sobjects/Case/5001U000001edXrQAI"
			},
			"AccountId": "0011U000003HuloQAC",
			"Comments": null,
			"ContactId": "0031U000002Z1pmQAC",
			"Description": "How do I Power Cycle the Spider 3 Laptop?",
			"Id": "5001U000001edXrQAI",
			"IsEscalated": false,
			"Origin": "Email",
			"Priority": "Low",
			"Reason": null,
			"Status": "Working",
			"Subject": "Power Cycle the Spider 3 Laptop",
			"SuppliedCompany": null,
			"SuppliedEmail": null,
			"SuppliedName": null,
			"SuppliedPhone": null,
			"Type": "Product"
		},
		{
			"attributes": {
				"type": "Case",
				"url": "/services/data/v44.0/sobjects/Case/5001U000001edXsQAI"
			},
			"AccountId": "0011U000003Hun2QAC",
			"Comments": null,
			"ContactId": "0031U000002Z1riQAC",
			"Description": "How do I Power Cycle the Spider 3 Laptop?",
			"Id": "5001U000001edXsQAI",
			"IsEscalated": false,
			"Origin": "Email",
			"Priority": "High",
			"Reason": null,
			"Status": "New",
			"Subject": "Power Cycle the Spider 3 Laptop",
			"SuppliedCompany": null,
			"SuppliedEmail": null,
			"SuppliedName": null,
			"SuppliedPhone": null,
			"Type": "Product"
		},
		{
			"attributes": {
				"type": "Case",
				"url": "/services/data/v44.0/sobjects/Case/5001U000001edXtQAI"
			},
			"AccountId": "0011U000003HunOQAS",
			"Comments": null,
			"ContactId": "0031U000002Z1sNQAS",
			"Description": "How do I Power Cycle the Spider 3 Laptop?",
			"Id": "5001U000001edXtQAI",
			"IsEscalated": false,
			"Origin": "Phone",
			"Priority": "Low",
			"Reason": null,
			"Status": "New",
			"Subject": "Power Cycle the Spider 3 Laptop",
			"SuppliedCompany": null,
			"SuppliedEmail": null,
			"SuppliedName": null,
			"SuppliedPhone": null,
			"Type": "Product"
		},
		{
			"attributes": {
				"type": "Case",
				"url": "/services/data/v44.0/sobjects/Case/5001U000001edXuQAI"
			},
			"AccountId": "0011U000003HunPQAS",
			"Comments": null,
			"ContactId": "0031U000002Z1sOQAS",
			"Description": "How do I Power Cycle the Spider 3 Laptop?",
			"Id": "5001U000001edXuQAI",
			"IsEscalated": false,
			"Origin": "Phone",
			"Priority": "Low",
			"Reason": null,
			"Status": "New",
			"Subject": "Power Cycle the Spider 3 Laptop",
			"SuppliedCompany": null,
			"SuppliedEmail": null,
			"SuppliedName": null,
			"SuppliedPhone": null,
			"Type": "Product"
		},
		{
			"attributes": {
				"type": "Case",
				"url": "/services/data/v44.0/sobjects/Case/5001U000001edXvQAI"
			},
			"AccountId": "0011U000003Hun8QAC",
			"Comments": null,
			"ContactId": "0031U000002Z1roQAC",
			"Description": "How do I Power Cycle the Spider 3 Laptop?",
			"Id": "5001U000001edXvQAI",
			"IsEscalated": false,
			"Origin": "Phone",
			"Priority": "Low",
			"Reason": null,
			"Status": "New",
			"Subject": "Power Cycle the Spider 3 Laptop",
			"SuppliedCompany": null,
			"SuppliedEmail": null,
			"SuppliedName": null,
			"SuppliedPhone": null,
			"Type": "Product"
		},
		{
			"attributes": {
				"type": "Case",
				"url": "/services/data/v44.0/sobjects/Case/5001U000001edXwQAI"
			},
			"AccountId": "0011U000003HulYQAS",
			"Comments": null,
			"ContactId": "0031U000002Z1odQAC",
			"Description": "How do I Power Cycle the Spider 3 Laptop?",
			"Id": "5001U000001edXwQAI",
			"IsEscalated": false,
			"Origin": "Phone",
			"Priority": "Low",
			"Reason": null,
			"Status": "New",
			"Subject": "Power Cycle the Spider 3 Laptop",
			"SuppliedCompany": null,
			"SuppliedEmail": null,
			"SuppliedName": null,
			"SuppliedPhone": null,
			"Type": "Product"
		},
		{
			"attributes": {
				"type": "Case",
				"url": "/services/data/v44.0/sobjects/Case/5001U000001edXxQAI"
			},
			"AccountId": "0011U000003HumhQAC",
			"Comments": null,
			"ContactId": "0031U000002Z1rMQAS",
			"Description": "How do I Power Cycle the Spider 3 Laptop?",
			"Id": "5001U000001edXxQAI",
			"IsEscalated": false,
			"Origin": "Phone",
			"Priority": "Low",
			"Reason": null,
			"Status": "New",
			"Subject": "Power Cycle the Spider 3 Laptop",
			"SuppliedCompany": null,
			"SuppliedEmail": null,
			"SuppliedName": null,
			"SuppliedPhone": null,
			"Type": "Product"
		},
		{
			"attributes": {
				"type": "Case",
				"url": "/services/data/v44.0/sobjects/Case/5001U000001edXyQAI"
			},
			"AccountId": "0011U000003HunQQAS",
			"Comments": null,
			"ContactId": "0031U000002Z1sPQAS",
			"Description": "How do I Power Cycle the Spider 3 Laptop?",
			"Id": "5001U000001edXyQAI",
			"IsEscalated": false,
			"Origin": "Phone",
			"Priority": "Low",
			"Reason": null,
			"Status": "New",
			"Subject": "Power Cycle the Spider 3 Laptop",
			"SuppliedCompany": null,
			"SuppliedEmail": null,
			"SuppliedName": null,
			"SuppliedPhone": null,
			"Type": "Product"
		},
		{
			"attributes": {
				"type": "Case",
				"url": "/services/data/v44.0/sobjects/Case/5001U000001edXzQAI"
			},
			"AccountId": "0011U000003HulbQAC",
			"Comments": null,
			"ContactId": "0031U000002Z1oqQAC",
			"Description": "New Spider 3 laptop did not arrive with a power cable.",
			"Id": "5001U000001edXzQAI",
			"IsEscalated": false,
			"Origin": "Phone",
			"Priority": "Medium",
			"Reason": null,
			"Status": "New",
			"Subject": "Spider 3 laptop is missing power cable.",
			"SuppliedCompany": null,
			"SuppliedEmail": null,
			"SuppliedName": null,
			"SuppliedPhone": null,
			"Type": "Product"
		},
		{
			"attributes": {
				"type": "Case",
				"url": "/services/data/v44.0/sobjects/Case/5001U000001edY0QAI"
			},
			"AccountId": "0011U000003HumqQAC",
			"Comments": null,
			"ContactId": "0031U000002Z1rWQAS",
			"Description": "New Spider 3 laptop did not arrive with a power cable.",
			"Id": "5001U000001edY0QAI",
			"IsEscalated": false,
			"Origin": "Phone",
			"Priority": "Medium",
			"Reason": null,
			"Status": "New",
			"Subject": "Spider 3 laptop is missing power cable.",
			"SuppliedCompany": null,
			"SuppliedEmail": null,
			"SuppliedName": null,
			"SuppliedPhone": null,
			"Type": "Product"
		},
		{
			"attributes": {
				"type": "Case",
				"url": "/services/data/v44.0/sobjects/Case/5001U000001edY1QAI"
			},
			"AccountId": "0011U000003HumuQAC",
			"Comments": null,
			"ContactId": "0031U000002Z1raQAC",
			"Description": "New Spider 3 laptop did not arrive with a power cable.",
			"Id": "5001U000001edY1QAI",
			"IsEscalated": false,
			"Origin": "Phone",
			"Priority": "Medium",
			"Reason": null,
			"Status": "New",
			"Subject": "Spider 3 laptop is missing power cable.",
			"SuppliedCompany": null,
			"SuppliedEmail": null,
			"SuppliedName": null,
			"SuppliedPhone": null,
			"Type": "Product"
		},
		{
			"attributes": {
				"type": "Case",
				"url": "/services/data/v44.0/sobjects/Case/5001U000001edY2QAI"
			},
			"AccountId": "0011U000003HumLQAS",
			"Comments": null,
			"ContactId": "0031U000002Z1qcQAC",
			"Description": "New Spider 3 laptop did not arrive with a power cable.",
			"Id": "5001U000001edY2QAI",
			"IsEscalated": false,
			"Origin": "Phone",
			"Priority": "Medium",
			"Reason": null,
			"Status": "New",
			"Subject": "Spider 3 laptop is missing power cable.",
			"SuppliedCompany": null,
			"SuppliedEmail": null,
			"SuppliedName": null,
			"SuppliedPhone": null,
			"Type": "Product"
		},
		{
			"attributes": {
				"type": "Case",
				"url": "/services/data/v44.0/sobjects/Case/5001U000001edY3QAI"
			},
			"AccountId": "0011U000003HumSQAS",
			"Comments": null,
			"ContactId": "0031U000002Z1qoQAC",
			"Description": "New Spider 3 laptop did not arrive with a power cable.",
			"Id": "5001U000001edY3QAI",
			"IsEscalated": false,
			"Origin": "Phone",
			"Priority": "Medium",
			"Reason": null,
			"Status": "New",
			"Subject": "Spider 3 laptop is missing power cable.",
			"SuppliedCompany": null,
			"SuppliedEmail": null,
			"SuppliedName": null,
			"SuppliedPhone": null,
			"Type": "Product"
		},
		{
			"attributes": {
				"type": "Case",
				"url": "/services/data/v44.0/sobjects/Case/5001U000001edY4QAI"
			},
			"AccountId": "0011U000003HuluQAC",
			"Comments": null,
			"ContactId": "0031U000002Z1pvQAC",
			"Description": "cable from monitor to computer needs to be replaced",
			"Id": "5001U000001edY4QAI",
			"IsEscalated": false,
			"Origin": "Email",
			"Priority": "Medium",
			"Reason": null,
			"Status": "New",
			"Subject": "Cable Connection",
			"SuppliedCompany": null,
			"SuppliedEmail": null,
			"SuppliedName": null,
			"SuppliedPhone": null,
			"Type": "Product"
		},
		{
			"attributes": {
				"type": "Case",
				"url": "/services/data/v44.0/sobjects/Case/5001U000001edY5QAI"
			},
			"AccountId": "0011U000003Hun3QAC",
			"Comments": null,
			"ContactId": "0031U000002Z1rjQAC",
			"Description": "cable from monitor to computer needs to be replaced",
			"Id": "5001U000001edY5QAI",
			"IsEscalated": false,
			"Origin": "Email",
			"Priority": "Medium",
			"Reason": null,
			"Status": "New",
			"Subject": "Cable Connection",
			"SuppliedCompany": null,
			"SuppliedEmail": null,
			"SuppliedName": null,
			"SuppliedPhone": null,
			"Type": "Product"
		},
		{
			"attributes": {
				"type": "Case",
				"url": "/services/data/v44.0/sobjects/Case/5001U000001edY6QAI"
			},
			"AccountId": "0011U000003HumPQAS",
			"Comments": null,
			"ContactId": "0031U000002Z1qgQAC",
			"Description": "cable from monitor to computer needs to be replaced",
			"Id": "5001U000001edY6QAI",
			"IsEscalated": false,
			"Origin": "Email",
			"Priority": "Medium",
			"Reason": null,
			"Status": "New",
			"Subject": "Cable Connection",
			"SuppliedCompany": null,
			"SuppliedEmail": null,
			"SuppliedName": null,
			"SuppliedPhone": null,
			"Type": "Product"
		},
		{
			"attributes": {
				"type": "Case",
				"url": "/services/data/v44.0/sobjects/Case/5001U000001edY7QAI"
			},
			"AccountId": "0011U000003HunRQAS",
			"Comments": null,
			"ContactId": "0031U000002Z1sQQAS",
			"Description": "wants to know more about comparison of Laptop Series 500 and Desktop Series H700",
			"Id": "5001U000001edY7QAI",
			"IsEscalated": false,
			"Origin": "Phone",
			"Priority": "High",
			"Reason": null,
			"Status": "Working",
			"Subject": "Product Question",
			"SuppliedCompany": null,
			"SuppliedEmail": null,
			"SuppliedName": null,
			"SuppliedPhone": null,
			"Type": "Product"
		},
		{
			"attributes": {
				"type": "Case",
				"url": "/services/data/v44.0/sobjects/Case/5001U000001edY8QAI"
			},
			"AccountId": "0011U000003HumyQAC",
			"Comments": null,
			"ContactId": "0031U000002Z1reQAC",
			"Description": "wants to know more about comparison of Laptop Series 500 and Desktop Series H700",
			"Id": "5001U000001edY8QAI",
			"IsEscalated": false,
			"Origin": "Phone",
			"Priority": "High",
			"Reason": null,
			"Status": "New",
			"Subject": "Product Question",
			"SuppliedCompany": null,
			"SuppliedEmail": null,
			"SuppliedName": null,
			"SuppliedPhone": null,
			"Type": "Product"
		},
		{
			"attributes": {
				"type": "Case",
				"url": "/services/data/v44.0/sobjects/Case/5001U000001edY9QAI"
			},
			"AccountId": "0011U000003HumKQAS",
			"Comments": null,
			"ContactId": "0031U000002Z1qaQAC",
			"Description": "wants to know more about comparison of Laptop Series 500 and Desktop Series H700",
			"Id": "5001U000001edY9QAI",
			"IsEscalated": false,
			"Origin": "Phone",
			"Priority": "Low",
			"Reason": null,
			"Status": "New",
			"Subject": "Product Question",
			"SuppliedCompany": null,
			"SuppliedEmail": null,
			"SuppliedName": null,
			"SuppliedPhone": null,
			"Type": "Product"
		},
		{
			"attributes": {
				"type": "Case",
				"url": "/services/data/v44.0/sobjects/Case/5001U000001edYAQAY"
			},
			"AccountId": "0011U000003HumFQAS",
			"Comments": null,
			"ContactId": "0031U000002Z1qVQAS",
			"Description": "wants to know more about comparison of Laptop Series 500 and Desktop Series H700",
			"Id": "5001U000001edYAQAY",
			"IsEscalated": false,
			"Origin": "Phone",
			"Priority": "Low",
			"Reason": null,
			"Status": "New",
			"Subject": "Product Question",
			"SuppliedCompany": null,
			"SuppliedEmail": null,
			"SuppliedName": null,
			"SuppliedPhone": null,
			"Type": "Product"
		},
		{
			"attributes": {
				"type": "Case",
				"url": "/services/data/v44.0/sobjects/Case/5001U000001edYBQAY"
			},
			"AccountId": "0011U000003HummQAC",
			"Comments": null,
			"ContactId": "0031U000002Z1rSQAS",
			"Description": "wants to know more about comparison of Laptop Series 500 and Desktop Series H700",
			"Id": "5001U000001edYBQAY",
			"IsEscalated": false,
			"Origin": "Phone",
			"Priority": "Low",
			"Reason": null,
			"Status": "New",
			"Subject": "Product Question",
			"SuppliedCompany": null,
			"SuppliedEmail": null,
			"SuppliedName": null,
			"SuppliedPhone": null,
			"Type": "Product"
		},
		{
			"attributes": {
				"type": "Case",
				"url": "/services/data/v44.0/sobjects/Case/5001U000001edYCQAY"
			},
			"AccountId": "0011U000003HumsQAC",
			"Comments": null,
			"ContactId": "0031U000002Z1rYQAS",
			"Description": "wants to know more about comparison of Laptop Series 500 and Desktop Series H700",
			"Id": "5001U000001edYCQAY",
			"IsEscalated": false,
			"Origin": "Phone",
			"Priority": "Low",
			"Reason": null,
			"Status": "New",
			"Subject": "Product Question",
			"SuppliedCompany": null,
			"SuppliedEmail": null,
			"SuppliedName": null,
			"SuppliedPhone": null,
			"Type": "Product"
		},
		{
			"attributes": {
				"type": "Case",
				"url": "/services/data/v44.0/sobjects/Case/5001U000001edYDQAY"
			},
			"AccountId": "0011U000003HumrQAC",
			"Comments": null,
			"ContactId": "0031U000002Z1rXQAS",
			"Description": "wants to know more about comparing Laptop Series 500 with Series T930",
			"Id": "5001U000001edYDQAY",
			"IsEscalated": false,
			"Origin": "Web",
			"Priority": "High",
			"Reason": null,
			"Status": "New",
			"Subject": "Product Question",
			"SuppliedCompany": null,
			"SuppliedEmail": null,
			"SuppliedName": null,
			"SuppliedPhone": null,
			"Type": "Product"
		},
		{
			"attributes": {
				"type": "Case",
				"url": "/services/data/v44.0/sobjects/Case/5001U000001edYEQAY"
			},
			"AccountId": "0011U000003HumDQAS",
			"Comments": null,
			"ContactId": "0031U000002Z1qTQAS",
			"Description": "wants to know more about comparing Laptop Series 500 with Series T930",
			"Id": "5001U000001edYEQAY",
			"IsEscalated": false,
			"Origin": "Web",
			"Priority": "High",
			"Reason": null,
			"Status": "New",
			"Subject": "Product Question",
			"SuppliedCompany": null,
			"SuppliedEmail": null,
			"SuppliedName": null,
			"SuppliedPhone": null,
			"Type": "Product"
		},
		{
			"attributes": {
				"type": "Case",
				"url": "/services/data/v44.0/sobjects/Case/5001U000001edYFQAY"
			},
			"AccountId": "0011U000003Hum9QAC",
			"Comments": null,
			"ContactId": "0031U000002Z1qLQAS",
			"Description": "wants to know more about comparing Laptop Series 500 with Series T930",
			"Id": "5001U000001edYFQAY",
			"IsEscalated": false,
			"Origin": "Web",
			"Priority": "Medium",
			"Reason": null,
			"Status": "New",
			"Subject": "Product Question",
			"SuppliedCompany": null,
			"SuppliedEmail": null,
			"SuppliedName": null,
			"SuppliedPhone": null,
			"Type": "Product"
		},
		{
			"attributes": {
				"type": "Case",
				"url": "/services/data/v44.0/sobjects/Case/5001U000001edYGQAY"
			},
			"AccountId": "0011U000003HunSQAS",
			"Comments": null,
			"ContactId": "0031U000002Z1sRQAS",
			"Description": "wants to know more about comparing Laptop Series 500 with Series T930",
			"Id": "5001U000001edYGQAY",
			"IsEscalated": false,
			"Origin": "Web",
			"Priority": "Medium",
			"Reason": null,
			"Status": "New",
			"Subject": "Product Question",
			"SuppliedCompany": null,
			"SuppliedEmail": null,
			"SuppliedName": null,
			"SuppliedPhone": null,
			"Type": "Product"
		},
		{
			"attributes": {
				"type": "Case",
				"url": "/services/data/v44.0/sobjects/Case/5001U000001edYHQAY"
			},
			"AccountId": "0011U000003HuljQAC",
			"Comments": null,
			"ContactId": "0031U000002Z1pFQAS",
			"Description": "wants to know more about comparing Laptop Series 500 with Series T930",
			"Id": "5001U000001edYHQAY",
			"IsEscalated": false,
			"Origin": "Web",
			"Priority": "Medium",
			"Reason": null,
			"Status": "New",
			"Subject": "Product Question",
			"SuppliedCompany": null,
			"SuppliedEmail": null,
			"SuppliedName": null,
			"SuppliedPhone": null,
			"Type": "Product"
		},
		{
			"attributes": {
				"type": "Case",
				"url": "/services/data/v44.0/sobjects/Case/5001U000001edYIQAY"
			},
			"AccountId": "0011U000003HulcQAC",
			"Comments": null,
			"ContactId": "0031U000002Z1pOQAS",
			"Description": "A brand new A200 Desktop gets the blue screen when trying to boot.",
			"Id": "5001U000001edYIQAY",
			"IsEscalated": false,
			"Origin": "Email",
			"Priority": "High",
			"Reason": null,
			"Status": "New",
			"Subject": "Brand new A200 Desktop will not boot",
			"SuppliedCompany": null,
			"SuppliedEmail": null,
			"SuppliedName": null,
			"SuppliedPhone": null,
			"Type": "Product"
		},
		{
			"attributes": {
				"type": "Case",
				"url": "/services/data/v44.0/sobjects/Case/5001U000001edYJQAY"
			},
			"AccountId": "0011U000003Hum2QAC",
			"Comments": null,
			"ContactId": "0031U000002Z1qCQAS",
			"Description": "A brand new A200 Desktop gets the blue screen when trying to boot.",
			"Id": "5001U000001edYJQAY",
			"IsEscalated": false,
			"Origin": "Email",
			"Priority": "High",
			"Reason": "Complex functionality",
			"Status": "Closed",
			"Subject": "Brand new A200 Desktop will not boot",
			"SuppliedCompany": null,
			"SuppliedEmail": null,
			"SuppliedName": null,
			"SuppliedPhone": null,
			"Type": "Product"
		},
		{
			"attributes": {
				"type": "Case",
				"url": "/services/data/v44.0/sobjects/Case/5001U000001edYKQAY"
			},
			"AccountId": "0011U000003Hum2QAC",
			"Comments": null,
			"ContactId": "0031U000002Z1qCQAS",
			"Description": "A brand new A200 Desktop gets the blue screen when trying to boot.",
			"Id": "5001U000001edYKQAY",
			"IsEscalated": false,
			"Origin": "Email",
			"Priority": "High",
			"Reason": null,
			"Status": "New",
			"Subject": "Brand new A200 Desktop will not boot",
			"SuppliedCompany": null,
			"SuppliedEmail": null,
			"SuppliedName": null,
			"SuppliedPhone": null,
			"Type": "Product"
		},
		{
			"attributes": {
				"type": "Case",
				"url": "/services/data/v44.0/sobjects/Case/5001U000001edYLQAY"
			},
			"AccountId": "0011U000003Hun1QAC",
			"Comments": null,
			"ContactId": "0031U000002Z1rhQAC",
			"Description": "A brand new A200 Desktop gets the blue screen when trying to boot.",
			"Id": "5001U000001edYLQAY",
			"IsEscalated": false,
			"Origin": "Email",
			"Priority": "High",
			"Reason": null,
			"Status": "New",
			"Subject": "Brand new A200 Desktop will not boot",
			"SuppliedCompany": null,
			"SuppliedEmail": null,
			"SuppliedName": null,
			"SuppliedPhone": null,
			"Type": "Product"
		},
		{
			"attributes": {
				"type": "Case",
				"url": "/services/data/v44.0/sobjects/Case/5001U000001edYMQAY"
			},
			"AccountId": "0011U000003HultQAC",
			"Comments": null,
			"ContactId": "0031U000002Z1ptQAC",
			"Description": "A brand new A200 Desktop gets the blue screen when trying to boot.",
			"Id": "5001U000001edYMQAY",
			"IsEscalated": false,
			"Origin": "Email",
			"Priority": "High",
			"Reason": null,
			"Status": "New",
			"Subject": "Brand new A200 Desktop will not boot",
			"SuppliedCompany": null,
			"SuppliedEmail": null,
			"SuppliedName": null,
			"SuppliedPhone": null,
			"Type": "Product"
		},
		{
			"attributes": {
				"type": "Case",
				"url": "/services/data/v44.0/sobjects/Case/5001U000001edYNQAY"
			},
			"AccountId": "0011U000003HumdQAC",
			"Comments": null,
			"ContactId": "0031U000002Z1rHQAS",
			"Description": "Is the SX Printer compatible with the Spider 1 Laptop?",
			"Id": "5001U000001edYNQAY",
			"IsEscalated": false,
			"Origin": "Phone",
			"Priority": "Medium",
			"Reason": null,
			"Status": "Working",
			"Subject": "Is the SX Printer compatible with the Spider 1 Laptop?",
			"SuppliedCompany": null,
			"SuppliedEmail": null,
			"SuppliedName": null,
			"SuppliedPhone": null,
			"Type": "Product"
		},
		{
			"attributes": {
				"type": "Case",
				"url": "/services/data/v44.0/sobjects/Case/5001U000001edYOQAY"
			},
			"AccountId": "0011U000003HumeQAC",
			"Comments": null,
			"ContactId": "0031U000002Z1rJQAS",
			"Description": "Is the SX Printer compatible with the Spider 1 Laptop?",
			"Id": "5001U000001edYOQAY",
			"IsEscalated": false,
			"Origin": "Phone",
			"Priority": "Medium",
			"Reason": null,
			"Status": "New",
			"Subject": "Is the SX Printer compatible with the Spider 1 Laptop?",
			"SuppliedCompany": null,
			"SuppliedEmail": null,
			"SuppliedName": null,
			"SuppliedPhone": null,
			"Type": "Product"
		},
		{
			"attributes": {
				"type": "Case",
				"url": "/services/data/v44.0/sobjects/Case/5001U000001edYPQAY"
			},
			"AccountId": "0011U000003HulqQAC",
			"Comments": null,
			"ContactId": "0031U000002Z1poQAC",
			"Description": "Is the SX Printer compatible with the Spider 1 Laptop?",
			"Id": "5001U000001edYPQAY",
			"IsEscalated": false,
			"Origin": "Phone",
			"Priority": "Medium",
			"Reason": null,
			"Status": "New",
			"Subject": "Is the SX Printer compatible with the Spider 1 Laptop?",
			"SuppliedCompany": null,
			"SuppliedEmail": null,
			"SuppliedName": null,
			"SuppliedPhone": null,
			"Type": "Product"
		},
		{
			"attributes": {
				"type": "Case",
				"url": "/services/data/v44.0/sobjects/Case/5001U000001edYQQAY"
			},
			"AccountId": "0011U000003HunTQAS",
			"Comments": null,
			"ContactId": "0031U000002Z1sSQAS",
			"Description": "Is the SX Printer compatible with the Spider 1 Laptop?",
			"Id": "5001U000001edYQQAY",
			"IsEscalated": false,
			"Origin": "Phone",
			"Priority": "High",
			"Reason": null,
			"Status": "New",
			"Subject": "Is the SX Printer compatible with the Spider 1 Laptop?",
			"SuppliedCompany": null,
			"SuppliedEmail": null,
			"SuppliedName": null,
			"SuppliedPhone": null,
			"Type": "Product"
		},
		{
			"attributes": {
				"type": "Case",
				"url": "/services/data/v44.0/sobjects/Case/5001U000001edYRQAY"
			},
			"AccountId": "0011U000003HunUQAS",
			"Comments": null,
			"ContactId": "0031U000002Z1sTQAS",
			"Description": "Is the SX Printer compatible with the Spider 1 Laptop?",
			"Id": "5001U000001edYRQAY",
			"IsEscalated": false,
			"Origin": "Phone",
			"Priority": "High",
			"Reason": null,
			"Status": "New",
			"Subject": "Is the SX Printer compatible with the Spider 1 Laptop?",
			"SuppliedCompany": null,
			"SuppliedEmail": null,
			"SuppliedName": null,
			"SuppliedPhone": null,
			"Type": "Product"
		},
		{
			"attributes": {
				"type": "Case",
				"url": "/services/data/v44.0/sobjects/Case/5001U000001edYSQAY"
			},
			"AccountId": "0011U000003HunVQAS",
			"Comments": null,
			"ContactId": "0031U000002Z1sUQAS",
			"Description": "Does my existing warranty cover laptops and printers?",
			"Id": "5001U000001edYSQAY",
			"IsEscalated": false,
			"Origin": "Email",
			"Priority": "High",
			"Reason": null,
			"Status": "New",
			"Subject": "Does my existing warranty cover laptops and printers?",
			"SuppliedCompany": null,
			"SuppliedEmail": null,
			"SuppliedName": null,
			"SuppliedPhone": null,
			"Type": "Warranty"
		},
		{
			"attributes": {
				"type": "Case",
				"url": "/services/data/v44.0/sobjects/Case/5001U000001edYTQAY"
			},
			"AccountId": "0011U000003HunWQAS",
			"Comments": null,
			"ContactId": "0031U000002Z1sVQAS",
			"Description": "Does my existing warranty cover laptops and printers?",
			"Id": "5001U000001edYTQAY",
			"IsEscalated": false,
			"Origin": "Email",
			"Priority": "Low",
			"Reason": null,
			"Status": "New",
			"Subject": "Does my existing warranty cover laptops and printers?",
			"SuppliedCompany": null,
			"SuppliedEmail": null,
			"SuppliedName": null,
			"SuppliedPhone": null,
			"Type": "Warranty"
		},
		{
			"attributes": {
				"type": "Case",
				"url": "/services/data/v44.0/sobjects/Case/5001U000001edYUQAY"
			},
			"AccountId": "0011U000003HumlQAC",
			"Comments": null,
			"ContactId": "0031U000002Z1rRQAS",
			"Description": "Does my existing warranty cover laptops and printers?",
			"Id": "5001U000001edYUQAY",
			"IsEscalated": false,
			"Origin": "Email",
			"Priority": "Low",
			"Reason": null,
			"Status": "New",
			"Subject": "Does my existing warranty cover laptops and printers?",
			"SuppliedCompany": null,
			"SuppliedEmail": null,
			"SuppliedName": null,
			"SuppliedPhone": null,
			"Type": "Warranty"
		},
		{
			"attributes": {
				"type": "Case",
				"url": "/services/data/v44.0/sobjects/Case/5001U000001edYVQAY"
			},
			"AccountId": "0011U000003HuljQAC",
			"Comments": null,
			"ContactId": "0031U000002Z1pEQAS",
			"Description": "Does my existing warranty cover laptops and printers?",
			"Id": "5001U000001edYVQAY",
			"IsEscalated": false,
			"Origin": "Email",
			"Priority": "Low",
			"Reason": null,
			"Status": "New",
			"Subject": "Does my existing warranty cover laptops and printers?",
			"SuppliedCompany": null,
			"SuppliedEmail": null,
			"SuppliedName": null,
			"SuppliedPhone": null,
			"Type": "Warranty"
		},
		{
			"attributes": {
				"type": "Case",
				"url": "/services/data/v44.0/sobjects/Case/5001U000001edYWQAY"
			},
			"AccountId": "0011U000003Hum5QAC",
			"Comments": null,
			"ContactId": "0031U000002Z1qGQAS",
			"Description": "Does my existing warranty cover laptops and printers?",
			"Id": "5001U000001edYWQAY",
			"IsEscalated": false,
			"Origin": "Email",
			"Priority": "Low",
			"Reason": null,
			"Status": "New",
			"Subject": "Does my existing warranty cover laptops and printers?",
			"SuppliedCompany": null,
			"SuppliedEmail": null,
			"SuppliedName": null,
			"SuppliedPhone": null,
			"Type": "Warranty"
		},
		{
			"attributes": {
				"type": "Case",
				"url": "/services/data/v44.0/sobjects/Case/5001U000001edYXQAY"
			},
			"AccountId": "0011U000003HumVQAS",
			"Comments": null,
			"ContactId": "0031U000002Z1r2QAC",
			"Description": "Do you offer product warranties for the SX Printer?",
			"Id": "5001U000001edYXQAY",
			"IsEscalated": false,
			"Origin": "Email",
			"Priority": "Medium",
			"Reason": null,
			"Status": "New",
			"Subject": "Do you offer product warranties for the SX Printer?",
			"SuppliedCompany": null,
			"SuppliedEmail": null,
			"SuppliedName": null,
			"SuppliedPhone": null,
			"Type": "Warranty"
		},
		{
			"attributes": {
				"type": "Case",
				"url": "/services/data/v44.0/sobjects/Case/5001U000001edYYQAY"
			},
			"AccountId": "0011U000003HumXQAS",
			"Comments": null,
			"ContactId": "0031U000002Z1r4QAC",
			"Description": "Do you offer product warranties for the SX Printer?",
			"Id": "5001U000001edYYQAY",
			"IsEscalated": false,
			"Origin": "Phone",
			"Priority": "Medium",
			"Reason": null,
			"Status": "New",
			"Subject": "Do you offer product warranties for the SX Printer?",
			"SuppliedCompany": null,
			"SuppliedEmail": null,
			"SuppliedName": null,
			"SuppliedPhone": null,
			"Type": "Warranty"
		},
		{
			"attributes": {
				"type": "Case",
				"url": "/services/data/v44.0/sobjects/Case/5001U000001edYZQAY"
			},
			"AccountId": "0011U000003HumaQAC",
			"Comments": null,
			"ContactId": "0031U000002Z1rEQAS",
			"Description": "Do you offer product warranties for the SX Printer?",
			"Id": "5001U000001edYZQAY",
			"IsEscalated": false,
			"Origin": "Phone",
			"Priority": "Medium",
			"Reason": null,
			"Status": "New",
			"Subject": "Do you offer product warranties for the SX Printer?",
			"SuppliedCompany": null,
			"SuppliedEmail": null,
			"SuppliedName": null,
			"SuppliedPhone": null,
			"Type": "Warranty"
		},
		{
			"attributes": {
				"type": "Case",
				"url": "/services/data/v44.0/sobjects/Case/5001U000001edYaQAI"
			},
			"AccountId": "0011U000003HunXQAS",
			"Comments": null,
			"ContactId": "0031U000002Z1sWQAS",
			"Description": "Do you offer product warranties for the SX Printer?",
			"Id": "5001U000001edYaQAI",
			"IsEscalated": false,
			"Origin": "Phone",
			"Priority": "Low",
			"Reason": null,
			"Status": "New",
			"Subject": "Do you offer product warranties for the SX Printer?",
			"SuppliedCompany": null,
			"SuppliedEmail": null,
			"SuppliedName": null,
			"SuppliedPhone": null,
			"Type": "Warranty"
		},
		{
			"attributes": {
				"type": "Case",
				"url": "/services/data/v44.0/sobjects/Case/5001U000001edYbQAI"
			},
			"AccountId": "0011U000003Hun7QAC",
			"Comments": null,
			"ContactId": "0031U000002Z1rnQAC",
			"Description": "Has my order for 10 Spider 1 laptop been shipped?",
			"Id": "5001U000001edYbQAI",
			"IsEscalated": false,
			"Origin": "Phone",
			"Priority": "Medium",
			"Reason": null,
			"Status": "New",
			"Subject": "Has my order for 10 Spider 1 laptop been shipped?",
			"SuppliedCompany": null,
			"SuppliedEmail": null,
			"SuppliedName": null,
			"SuppliedPhone": null,
			"Type": "Shipping"
		},
		{
			"attributes": {
				"type": "Case",
				"url": "/services/data/v44.0/sobjects/Case/5001U000001edYcQAI"
			},
			"AccountId": "0011U000003HulwQAC",
			"Comments": null,
			"ContactId": "0031U000002Z1pyQAC",
			"Description": "Has my order for 10 Spider 1 laptop been shipped?",
			"Id": "5001U000001edYcQAI",
			"IsEscalated": false,
			"Origin": "Phone",
			"Priority": "Medium",
			"Reason": null,
			"Status": "New",
			"Subject": "Has my order for 10 Spider 1 laptop been shipped?",
			"SuppliedCompany": null,
			"SuppliedEmail": null,
			"SuppliedName": null,
			"SuppliedPhone": null,
			"Type": "Shipping"
		},
		{
			"attributes": {
				"type": "Case",
				"url": "/services/data/v44.0/sobjects/Case/5001U000001edYdQAI"
			},
			"AccountId": "0011U000003HunYQAS",
			"Comments": null,
			"ContactId": "0031U000002Z1sXQAS",
			"Description": "Has my order for 10 Spider 1 laptop been shipped?",
			"Id": "5001U000001edYdQAI",
			"IsEscalated": false,
			"Origin": "Phone",
			"Priority": "Medium",
			"Reason": null,
			"Status": "New",
			"Subject": "Has my order for 10 Spider 1 laptop been shipped?",
			"SuppliedCompany": null,
			"SuppliedEmail": null,
			"SuppliedName": null,
			"SuppliedPhone": null,
			"Type": "Shipping"
		},
		{
			"attributes": {
				"type": "Case",
				"url": "/services/data/v44.0/sobjects/Case/5001U000001edYeQAI"
			},
			"AccountId": "0011U000003Hum1QAC",
			"Comments": null,
			"ContactId": "0031U000002Z1qAQAS",
			"Description": "Has my order for 10 Spider 1 laptop been shipped?",
			"Id": "5001U000001edYeQAI",
			"IsEscalated": false,
			"Origin": "Phone",
			"Priority": "Medium",
			"Reason": null,
			"Status": "New",
			"Subject": "Has my order for 10 Spider 1 laptop been shipped?",
			"SuppliedCompany": null,
			"SuppliedEmail": null,
			"SuppliedName": null,
			"SuppliedPhone": null,
			"Type": "Shipping"
		},
		{
			"attributes": {
				"type": "Case",
				"url": "/services/data/v44.0/sobjects/Case/5001U000001edYfQAI"
			},
			"AccountId": "0011U000003HunZQAS",
			"Comments": null,
			"ContactId": "0031U000002Z1sYQAS",
			"Description": "Is the Spider 3 laptop the latest model?",
			"Id": "5001U000001edYfQAI",
			"IsEscalated": false,
			"Origin": "Email",
			"Priority": "Low",
			"Reason": null,
			"Status": "New",
			"Subject": "Is the Spider 3 laptop the latest model?",
			"SuppliedCompany": null,
			"SuppliedEmail": null,
			"SuppliedName": null,
			"SuppliedPhone": null,
			"Type": "Product"
		},
		{
			"attributes": {
				"type": "Case",
				"url": "/services/data/v44.0/sobjects/Case/5001U000001edYgQAI"
			},
			"AccountId": "0011U000003HulsQAC",
			"Comments": null,
			"ContactId": "0031U000002Z1psQAC",
			"Description": "Is the Spider 3 laptop the latest model?",
			"Id": "5001U000001edYgQAI",
			"IsEscalated": false,
			"Origin": "Email",
			"Priority": "Low",
			"Reason": null,
			"Status": "New",
			"Subject": "Is the Spider 3 laptop the latest model?",
			"SuppliedCompany": null,
			"SuppliedEmail": null,
			"SuppliedName": null,
			"SuppliedPhone": null,
			"Type": "Product"
		},
		{
			"attributes": {
				"type": "Case",
				"url": "/services/data/v44.0/sobjects/Case/5001U000001edYhQAI"
			},
			"AccountId": "0011U000003HuleQAC",
			"Comments": null,
			"ContactId": "0031U000002Z1ooQAC",
			"Description": "Is the Spider 3 laptop the latest model?",
			"Id": "5001U000001edYhQAI",
			"IsEscalated": false,
			"Origin": "Email",
			"Priority": "Low",
			"Reason": null,
			"Status": "New",
			"Subject": "Is the Spider 3 laptop the latest model?",
			"SuppliedCompany": null,
			"SuppliedEmail": null,
			"SuppliedName": null,
			"SuppliedPhone": null,
			"Type": "Product"
		},
		{
			"attributes": {
				"type": "Case",
				"url": "/services/data/v44.0/sobjects/Case/5001U000001edYiQAI"
			},
			"AccountId": "0011U000003HumxQAC",
			"Comments": null,
			"ContactId": "0031U000002Z1rdQAC",
			"Description": "Is the Spider 3 laptop the latest model?",
			"Id": "5001U000001edYiQAI",
			"IsEscalated": false,
			"Origin": "Email",
			"Priority": "Low",
			"Reason": null,
			"Status": "New",
			"Subject": "Is the Spider 3 laptop the latest model?",
			"SuppliedCompany": null,
			"SuppliedEmail": null,
			"SuppliedName": null,
			"SuppliedPhone": null,
			"Type": "Product"
		},
		{
			"attributes": {
				"type": "Case",
				"url": "/services/data/v44.0/sobjects/Case/5001U000001edYjQAI"
			},
			"AccountId": "0011U000003HulvQAC",
			"Comments": null,
			"ContactId": "0031U000002Z1pxQAC",
			"Description": "Is the Spider 3 laptop the latest model?",
			"Id": "5001U000001edYjQAI",
			"IsEscalated": false,
			"Origin": "Email",
			"Priority": "Low",
			"Reason": null,
			"Status": "New",
			"Subject": "Is the Spider 3 laptop the latest model?",
			"SuppliedCompany": null,
			"SuppliedEmail": null,
			"SuppliedName": null,
			"SuppliedPhone": null,
			"Type": "Product"
		},
		{
			"attributes": {
				"type": "Case",
				"url": "/services/data/v44.0/sobjects/Case/5001U000001edYkQAI"
			},
			"AccountId": "0011U000003HumJQAS",
			"Comments": null,
			"ContactId": "0031U000002Z1qZQAS",
			"Description": "When will my Spider 2 laptop arrive?",
			"Id": "5001U000001edYkQAI",
			"IsEscalated": false,
			"Origin": "Email",
			"Priority": "Medium",
			"Reason": null,
			"Status": "New",
			"Subject": "When will my Spider 2 laptop arrive?",
			"SuppliedCompany": null,
			"SuppliedEmail": null,
			"SuppliedName": null,
			"SuppliedPhone": null,
			"Type": "Shipping"
		},
		{
			"attributes": {
				"type": "Case",
				"url": "/services/data/v44.0/sobjects/Case/5001U000001edYlQAI"
			},
			"AccountId": "0011U000003HunAQAS",
			"Comments": null,
			"ContactId": "0031U000002Z1rqQAC",
			"Description": "When will my Spider 2 laptop arrive?",
			"Id": "5001U000001edYlQAI",
			"IsEscalated": false,
			"Origin": "Web",
			"Priority": "Low",
			"Reason": null,
			"Status": "New",
			"Subject": "When will my Spider 2 laptop arrive?",
			"SuppliedCompany": null,
			"SuppliedEmail": null,
			"SuppliedName": null,
			"SuppliedPhone": null,
			"Type": "Shipping"
		},
		{
			"attributes": {
				"type": "Case",
				"url": "/services/data/v44.0/sobjects/Case/5001U000001edYmQAI"
			},
			"AccountId": "0011U000003HulnQAC",
			"Comments": null,
			"ContactId": "0031U000002Z1plQAC",
			"Description": "A200 Series Desktop keeps shutting down.",
			"Id": "5001U000001edYmQAI",
			"IsEscalated": false,
			"Origin": "Phone",
			"Priority": "Medium",
			"Reason": null,
			"Status": "New",
			"Subject": "A200 Series Desktop keeps shutting down.",
			"SuppliedCompany": null,
			"SuppliedEmail": null,
			"SuppliedName": null,
			"SuppliedPhone": null,
			"Type": "Product"
		},
		{
			"attributes": {
				"type": "Case",
				"url": "/services/data/v44.0/sobjects/Case/5001U000001edYnQAI"
			},
			"AccountId": "0011U000003HulfQAC",
			"Comments": null,
			"ContactId": "0031U000002Z1s2QAC",
			"Description": "A200 Series Desktop keeps shutting down.",
			"Id": "5001U000001edYnQAI",
			"IsEscalated": false,
			"Origin": "Phone",
			"Priority": "Medium",
			"Reason": null,
			"Status": "New",
			"Subject": "A200 Series Desktop keeps shutting down.",
			"SuppliedCompany": null,
			"SuppliedEmail": null,
			"SuppliedName": null,
			"SuppliedPhone": null,
			"Type": "Product"
		},
		{
			"attributes": {
				"type": "Case",
				"url": "/services/data/v44.0/sobjects/Case/5001U000001edYoQAI"
			},
			"AccountId": "0011U000003HulpQAC",
			"Comments": null,
			"ContactId": "0031U000002Z1rPQAS",
			"Description": "A200 Series Desktop keeps shutting down.",
			"Id": "5001U000001edYoQAI",
			"IsEscalated": false,
			"Origin": "Phone",
			"Priority": "Medium",
			"Reason": null,
			"Status": "New",
			"Subject": "A200 Series Desktop keeps shutting down.",
			"SuppliedCompany": null,
			"SuppliedEmail": null,
			"SuppliedName": null,
			"SuppliedPhone": null,
			"Type": "Product"
		},
		{
			"attributes": {
				"type": "Case",
				"url": "/services/data/v44.0/sobjects/Case/5001U000001edYpQAI"
			},
			"AccountId": "0011U000003HullQAC",
			"Comments": null,
			"ContactId": "0031U000002Z1qjQAC",
			"Description": "Product was damaged",
			"Id": "5001U000001edYpQAI",
			"IsEscalated": false,
			"Origin": "Email",
			"Priority": "High",
			"Reason": null,
			"Status": "New",
			"Subject": "Product was damaged",
			"SuppliedCompany": null,
			"SuppliedEmail": null,
			"SuppliedName": null,
			"SuppliedPhone": null,
			"Type": "Product"
		}
	],
	"total": 102
}