{
	"fetched": 99,
	"records": [
		{
			"attributes": {
				"type": "Certification_Held__c",
				"url": "/services/data/v44.0/sobjects/Certification_Held__c/a041U000001BaDMQA0"
			},
			"Certification__c": "a031U000001WldQQAS",
			"Certified_Professional__c": "0031U000002Z1oqQAC",
			"Date_Achieved__c": "2018-06-24",
			"Id": "a041U000001BaDMQA0"
		},
		{
			"attributes": {
				"type": "Certification_Held__c",
				"url": "/services/data/v44.0/sobjects/Certification_Held__c/a041U000001BaDNQA0"
			},
			"Certification__c": "a031U000001WldQQAS",
			"Certified_Professional__c": "0031U000002Z1oxQAC",
			"Date_Achieved__c": "2018-06-15",
			"Id": "a041U000001BaDNQA0"
		},
		{
			"attributes": {
				"type": "Certification_Held__c",
				"url": "/services/data/v44.0/sobjects/Certification_Held__c/a041U000001BaDOQA0"
			},
			"Certification__c": "a031U000001WldUQAS",
			"Certified_Professional__c": "0031U000002Z1pZQAS",
			"Date_Achieved__c": "2018-07-19",
			"Id": "a041U000001BaDOQA0"
		},
		{
			"attributes": {
				"type": "Certification_Held__c",
				"url": "/services/data/v44.0/sobjects/Certification_Held__c/a041U000001BaDPQA0"
			},
			"Certification__c": "a031U000001WldPQAS",
			"Certified_Professional__c": "0031U000002Z1pZQAS",
			"Date_Achieved__c": "2018-10-22",
			"Id": "a041U000001BaDPQA0"
		},
		{
			"attributes": {
				"type": "Certification_Held__c",
				"url": "/services/data/v44.0/sobjects/Certification_Held__c/a041U000001BaDQQA0"
			},
			"Certification__c": "a031U000001WldQQAS",
			"Certified_Professional__c": "0031U000002Z1otQAC",
			"Date_Achieved__c": "2018-07-12",
			"Id": "a041U000001BaDQQA0"
		},
		{
			"attributes": {
				"type": "Certification_Held__c",
				"url": "/services/data/v44.0/sobjects/Certification_Held__c/a041U000001BaDRQA0"
			},
			"Certification__c": "a031U000001WldUQAS",
			"Certified_Professional__c": "0031U000002Z1otQAC",
			"Date_Achieved__c": "2018-08-02",
			"Id": "a041U000001BaDRQA0"
		},
		{
			"attributes": {
				"type": "Certification_Held__c",
				"url": "/services/data/v44.0/sobjects/Certification_Held__c/a041U000001BaDSQA0"
			},
			"Certification__c": "a031U000001WldQQAS",
			"Certified_Professional__c": "0031U000002Z1p4QAC",
			"Date_Achieved__c": "2018-06-14",
			"Id": "a041U000001BaDSQA0"
		},
		{
			"attributes": {
				"type": "Certification_Held__c",
				"url": "/services/data/v44.0/sobjects/Certification_Held__c/a041U000001BaDTQA0"
			},
			"Certification__c": "a031U000001WldXQAS",
			"Certified_Professional__c": "0031U000002Z1p4QAC",
			"Date_Achieved__c": "2018-08-22",
			"Id": "a041U000001BaDTQA0"
		},
		{
			"attributes": {
				"type": "Certification_Held__c",
				"url": "/services/data/v44.0/sobjects/Certification_Held__c/a041U000001BaDUQA0"
			},
			"Certification__c": "a031U000001WldSQAS",
			"Certified_Professional__c": "0031U000002Z1p4QAC",
			"Date_Achieved__c": "2018-11-01",
			"Id": "a041U000001BaDUQA0"
		},
		{
			"attributes": {
				"type": "Certification_Held__c",
				"url": "/services/data/v44.0/sobjects/Certification_Held__c/a041U000001BaDVQA0"
			},
			"Certification__c": "a031U000001WldQQAS",
			"Certified_Professional__c": "0031U000002Z1orQAC",
			"Date_Achieved__c": "2018-08-17",
			"Id": "a041U000001BaDVQA0"
		},
		{
			"attributes": {
				"type": "Certification_Held__c",
				"url": "/services/data/v44.0/sobjects/Certification_Held__c/a041U000001BaDWQA0"
			},
			"Certification__c": "a031U000001WldRQAS",
			"Certified_Professional__c": "0031U000002Z1ojQAC",
			"Date_Achieved__c": "2018-07-12",
			"Id": "a041U000001BaDWQA0"
		},
		{
			"attributes": {
				"type": "Certification_Held__c",
				"url": "/services/data/v44.0/sobjects/Certification_Held__c/a041U000001BaDXQA0"
			},
			"Certification__c": "a031U000001WldTQAS",
			"Certified_Professional__c": "0031U000002Z1ojQAC",
			"Date_Achieved__c": "2018-09-14",
			"Id": "a041U000001BaDXQA0"
		},
		{
			"attributes": {
				"type": "Certification_Held__c",
				"url": "/services/data/v44.0/sobjects/Certification_Held__c/a041U000001BaDYQA0"
			},
			"Certification__c": "a031U000001WldWQAS",
			"Certified_Professional__c": "0031U000002Z1ojQAC",
			"Date_Achieved__c": "2018-11-12",
			"Id": "a041U000001BaDYQA0"
		},
		{
			"attributes": {
				"type": "Certification_Held__c",
				"url": "/services/data/v44.0/sobjects/Certification_Held__c/a041U000001BaDZQA0"
			},
			"Certification__c": "a031U000001WldRQAS",
			"Certified_Professional__c": "0031U000002Z1p7QAC",
			"Date_Achieved__c": "2018-07-12",
			"Id": "a041U000001BaDZQA0"
		},
		{
			"attributes": {
				"type": "Certification_Held__c",
				"url": "/services/data/v44.0/sobjects/Certification_Held__c/a041U000001BaDaQAK"
			},
			"Certification__c": "a031U000001WldTQAS",
			"Certified_Professional__c": "0031U000002Z1p7QAC",
			"Date_Achieved__c": "2018-09-14",
			"Id": "a041U000001BaDaQAK"
		},
		{
			"attributes": {
				"type": "Certification_Held__c",
				"url": "/services/data/v44.0/sobjects/Certification_Held__c/a041U000001BaDbQAK"
			},
			"Certification__c": "a031U000001WldPQAS",
			"Certified_Professional__c": "0031U000002Z1p5QAC",
			"Date_Achieved__c": "2018-07-16",
			"Id": "a041U000001BaDbQAK"
		},
		{
			"attributes": {
				"type": "Certification_Held__c",
				"url": "/services/data/v44.0/sobjects/Certification_Held__c/a041U000001BaDcQAK"
			},
			"Certification__c": "a031U000001WldWQAS",
			"Certified_Professional__c": "0031U000002Z1p7QAC",
			"Date_Achieved__c": "2018-11-12",
			"Id": "a041U000001BaDcQAK"
		},
		{
			"attributes": {
				"type": "Certification_Held__c",
				"url": "/services/data/v44.0/sobjects/Certification_Held__c/a041U000001BaDdQAK"
			},
			"Certification__c": "a031U000001WldUQAS",
			"Certified_Professional__c": "0031U000002Z1obQAC",
			"Date_Achieved__c": "2018-06-22",
			"Id": "a041U000001BaDdQAK"
		},
		{
			"attributes": {
				"type": "Certification_Held__c",
				"url": "/services/data/v44.0/sobjects/Certification_Held__c/a041U000001BaDeQAK"
			},
			"Certification__c": "a031U000001WldQQAS",
			"Certified_Professional__c": "0031U000002Z1obQAC",
			"Date_Achieved__c": "2018-08-09",
			"Id": "a041U000001BaDeQAK"
		},
		{
			"attributes": {
				"type": "Certification_Held__c",
				"url": "/services/data/v44.0/sobjects/Certification_Held__c/a041U000001BaDfQAK"
			},
			"Certification__c": "a031U000001WldRQAS",
			"Certified_Professional__c": "0031U000002Z1obQAC",
			"Date_Achieved__c": "2018-08-30",
			"Id": "a041U000001BaDfQAK"
		},
		{
			"attributes": {
				"type": "Certification_Held__c",
				"url": "/services/data/v44.0/sobjects/Certification_Held__c/a041U000001BaDgQAK"
			},
			"Certification__c": "a031U000001WldRQAS",
			"Certified_Professional__c": "0031U000002Z1p2QAC",
			"Date_Achieved__c": "2018-05-10",
			"Id": "a041U000001BaDgQAK"
		},
		{
			"attributes": {
				"type": "Certification_Held__c",
				"url": "/services/data/v44.0/sobjects/Certification_Held__c/a041U000001BaDhQAK"
			},
			"Certification__c": "a031U000001WldRQAS",
			"Certified_Professional__c": "0031U000002Z1ocQAC",
			"Date_Achieved__c": "2018-05-17",
			"Id": "a041U000001BaDhQAK"
		},
		{
			"attributes": {
				"type": "Certification_Held__c",
				"url": "/services/data/v44.0/sobjects/Certification_Held__c/a041U000001BaDiQAK"
			},
			"Certification__c": "a031U000001WldUQAS",
			"Certified_Professional__c": "0031U000002Z1ocQAC",
			"Date_Achieved__c": "2018-07-26",
			"Id": "a041U000001BaDiQAK"
		},
		{
			"attributes": {
				"type": "Certification_Held__c",
				"url": "/services/data/v44.0/sobjects/Certification_Held__c/a041U000001BaDjQAK"
			},
			"Certification__c": "a031U000001WldUQAS",
			"Certified_Professional__c": "0031U000002Z1odQAC",
			"Date_Achieved__c": "2018-06-29",
			"Id": "a041U000001BaDjQAK"
		},
		{
			"attributes": {
				"type": "Certification_Held__c",
				"url": "/services/data/v44.0/sobjects/Certification_Held__c/a041U000001BaDkQAK"
			},
			"Certification__c": "a031U000001WldQQAS",
			"Certified_Professional__c": "0031U000002Z1omQAC",
			"Date_Achieved__c": "2018-08-23",
			"Id": "a041U000001BaDkQAK"
		},
		{
			"attributes": {
				"type": "Certification_Held__c",
				"url": "/services/data/v44.0/sobjects/Certification_Held__c/a041U000001BaDlQAK"
			},
			"Certification__c": "a031U000001WldUQAS",
			"Certified_Professional__c": "0031U000002Z1omQAC",
			"Date_Achieved__c": "2018-07-22",
			"Id": "a041U000001BaDlQAK"
		},
		{
			"attributes": {
				"type": "Certification_Held__c",
				"url": "/services/data/v44.0/sobjects/Certification_Held__c/a041U000001BaDmQAK"
			},
			"Certification__c": "a031U000001WldUQAS",
			"Certified_Professional__c": "0031U000002Z1p8QAC",
			"Date_Achieved__c": "2018-08-04",
			"Id": "a041U000001BaDmQAK"
		},
		{
			"attributes": {
				"type": "Certification_Held__c",
				"url": "/services/data/v44.0/sobjects/Certification_Held__c/a041U000001BaDnQAK"
			},
			"Certification__c": "a031U000001WldPQAS",
			"Certified_Professional__c": "0031U000002Z1p8QAC",
			"Date_Achieved__c": "2018-09-29",
			"Id": "a041U000001BaDnQAK"
		},
		{
			"attributes": {
				"type": "Certification_Held__c",
				"url": "/services/data/v44.0/sobjects/Certification_Held__c/a041U000001BaDoQAK"
			},
			"Certification__c": "a031U000001WldUQAS",
			"Certified_Professional__c": "0031U000002Z1onQAC",
			"Date_Achieved__c": "2018-07-22",
			"Id": "a041U000001BaDoQAK"
		},
		{
			"attributes": {
				"type": "Certification_Held__c",
				"url": "/services/data/v44.0/sobjects/Certification_Held__c/a041U000001BaDpQAK"
			},
			"Certification__c": "a031U000001WldQQAS",
			"Certified_Professional__c": "0031U000002Z1onQAC",
			"Date_Achieved__c": "2018-08-08",
			"Id": "a041U000001BaDpQAK"
		},
		{
			"attributes": {
				"type": "Certification_Held__c",
				"url": "/services/data/v44.0/sobjects/Certification_Held__c/a041U000001BaDqQAK"
			},
			"Certification__c": "a031U000001WldQQAS",
			"Certified_Professional__c": "0031U000002Z1opQAC",
			"Date_Achieved__c": "2018-07-14",
			"Id": "a041U000001BaDqQAK"
		},
		{
			"attributes": {
				"type": "Certification_Held__c",
				"url": "/services/data/v44.0/sobjects/Certification_Held__c/a041U000001BaDrQAK"
			},
			"Certification__c": "a031U000001WldRQAS",
			"Certified_Professional__c": "0031U000002Z1paQAC",
			"Date_Achieved__c": "2018-11-11",
			"Id": "a041U000001BaDrQAK"
		},
		{
			"attributes": {
				"type": "Certification_Held__c",
				"url": "/services/data/v44.0/sobjects/Certification_Held__c/a041U000001BaDsQAK"
			},
			"Certification__c": "a031U000001WldQQAS",
			"Certified_Professional__c": "0031U000002Z1p9QAC",
			"Date_Achieved__c": "2018-05-11",
			"Id": "a041U000001BaDsQAK"
		},
		{
			"attributes": {
				"type": "Certification_Held__c",
				"url": "/services/data/v44.0/sobjects/Certification_Held__c/a041U000001BaDtQAK"
			},
			"Certification__c": "a031U000001WldXQAS",
			"Certified_Professional__c": "0031U000002Z1p9QAC",
			"Date_Achieved__c": "2018-06-02",
			"Id": "a041U000001BaDtQAK"
		},
		{
			"attributes": {
				"type": "Certification_Held__c",
				"url": "/services/data/v44.0/sobjects/Certification_Held__c/a041U000001BaDuQAK"
			},
			"Certification__c": "a031U000001WldXQAS",
			"Certified_Professional__c": "0031U000002Z1pAQAS",
			"Date_Achieved__c": "2018-06-02",
			"Id": "a041U000001BaDuQAK"
		},
		{
			"attributes": {
				"type": "Certification_Held__c",
				"url": "/services/data/v44.0/sobjects/Certification_Held__c/a041U000001BaDvQAK"
			},
			"Certification__c": "a031U000001WldUQAS",
			"Certified_Professional__c": "0031U000002Z1ooQAC",
			"Date_Achieved__c": "2018-07-22",
			"Id": "a041U000001BaDvQAK"
		},
		{
			"attributes": {
				"type": "Certification_Held__c",
				"url": "/services/data/v44.0/sobjects/Certification_Held__c/a041U000001BaDwQAK"
			},
			"Certification__c": "a031U000001WldQQAS",
			"Certified_Professional__c": "0031U000002Z1pAQAS",
			"Date_Achieved__c": "2018-05-11",
			"Id": "a041U000001BaDwQAK"
		},
		{
			"attributes": {
				"type": "Certification_Held__c",
				"url": "/services/data/v44.0/sobjects/Certification_Held__c/a041U000001BaDxQAK"
			},
			"Certification__c": "a031U000001WldQQAS",
			"Certified_Professional__c": "0031U000002Z1ooQAC",
			"Date_Achieved__c": "2018-08-23",
			"Id": "a041U000001BaDxQAK"
		},
		{
			"attributes": {
				"type": "Certification_Held__c",
				"url": "/services/data/v44.0/sobjects/Certification_Held__c/a041U000001BaDyQAK"
			},
			"Certification__c": "a031U000001WldRQAS",
			"Certified_Professional__c": "0031U000002Z1pbQAC",
			"Date_Achieved__c": "2018-09-23",
			"Id": "a041U000001BaDyQAK"
		},
		{
			"attributes": {
				"type": "Certification_Held__c",
				"url": "/services/data/v44.0/sobjects/Certification_Held__c/a041U000001BaDzQAK"
			},
			"Certification__c": "a031U000001WldUQAS",
			"Certified_Professional__c": "0031U000002Z1olQAC",
			"Date_Achieved__c": "2018-10-13",
			"Id": "a041U000001BaDzQAK"
		},
		{
			"attributes": {
				"type": "Certification_Held__c",
				"url": "/services/data/v44.0/sobjects/Certification_Held__c/a041U000001BaE0QAK"
			},
			"Certification__c": "a031U000001WldQQAS",
			"Certified_Professional__c": "0031U000002Z1pcQAC",
			"Date_Achieved__c": "2018-09-30",
			"Id": "a041U000001BaE0QAK"
		},
		{
			"attributes": {
				"type": "Certification_Held__c",
				"url": "/services/data/v44.0/sobjects/Certification_Held__c/a041U000001BaE1QAK"
			},
			"Certification__c": "a031U000001WldRQAS",
			"Certified_Professional__c": "0031U000002Z1pdQAC",
			"Date_Achieved__c": "2018-11-09",
			"Id": "a041U000001BaE1QAK"
		},
		{
			"attributes": {
				"type": "Certification_Held__c",
				"url": "/services/data/v44.0/sobjects/Certification_Held__c/a041U000001BaE2QAK"
			},
			"Certification__c": "a031U000001WldRQAS",
			"Certified_Professional__c": "0031U000002Z1ozQAC",
			"Date_Achieved__c": "2018-08-17",
			"Id": "a041U000001BaE2QAK"
		},
		{
			"attributes": {
				"type": "Certification_Held__c",
				"url": "/services/data/v44.0/sobjects/Certification_Held__c/a041U000001BaE3QAK"
			},
			"Certification__c": "a031U000001WldRQAS",
			"Certified_Professional__c": "0031U000002Z1p0QAC",
			"Date_Achieved__c": "2018-08-10",
			"Id": "a041U000001BaE3QAK"
		},
		{
			"attributes": {
				"type": "Certification_Held__c",
				"url": "/services/data/v44.0/sobjects/Certification_Held__c/a041U000001BaE4QAK"
			},
			"Certification__c": "a031U000001WldRQAS",
			"Certified_Professional__c": "0031U000002Z1p1QAC",
			"Date_Achieved__c": "2018-08-23",
			"Id": "a041U000001BaE4QAK"
		},
		{
			"attributes": {
				"type": "Certification_Held__c",
				"url": "/services/data/v44.0/sobjects/Certification_Held__c/a041U000001BaE5QAK"
			},
			"Certification__c": "a031U000001WldUQAS",
			"Certified_Professional__c": "0031U000002Z1pJQAS",
			"Date_Achieved__c": "2018-09-21",
			"Id": "a041U000001BaE5QAK"
		},
		{
			"attributes": {
				"type": "Certification_Held__c",
				"url": "/services/data/v44.0/sobjects/Certification_Held__c/a041U000001BaE6QAK"
			},
			"Certification__c": "a031U000001WldUQAS",
			"Certified_Professional__c": "0031U000002Z1osQAC",
			"Date_Achieved__c": "2018-09-08",
			"Id": "a041U000001BaE6QAK"
		},
		{
			"attributes": {
				"type": "Certification_Held__c",
				"url": "/services/data/v44.0/sobjects/Certification_Held__c/a041U000001BaE7QAK"
			},
			"Certification__c": "a031U000001WldUQAS",
			"Certified_Professional__c": "0031U000002Z1ofQAC",
			"Date_Achieved__c": "2018-09-23",
			"Id": "a041U000001BaE7QAK"
		},
		{
			"attributes": {
				"type": "Certification_Held__c",
				"url": "/services/data/v44.0/sobjects/Certification_Held__c/a041U000001BaE8QAK"
			},
			"Certification__c": "a031U000001WldUQAS",
			"Certified_Professional__c": "0031U000002Z1pLQAS",
			"Date_Achieved__c": "2018-10-08",
			"Id": "a041U000001BaE8QAK"
		},
		{
			"attributes": {
				"type": "Certification_Held__c",
				"url": "/services/data/v44.0/sobjects/Certification_Held__c/a041U000001BaE9QAK"
			},
			"Certification__c": "a031U000001WldSQAS",
			"Certified_Professional__c": "0031U000002Z1p6QAC",
			"Date_Achieved__c": "2018-10-15",
			"Id": "a041U000001BaE9QAK"
		},
		{
			"attributes": {
				"type": "Certification_Held__c",
				"url": "/services/data/v44.0/sobjects/Certification_Held__c/a041U000001BaEAQA0"
			},
			"Certification__c": "a031U000001WldQQAS",
			"Certified_Professional__c": "0031U000002Z1pPQAS",
			"Date_Achieved__c": "2018-08-18",
			"Id": "a041U000001BaEAQA0"
		},
		{
			"attributes": {
				"type": "Certification_Held__c",
				"url": "/services/data/v44.0/sobjects/Certification_Held__c/a041U000001BaEBQA0"
			},
			"Certification__c": "a031U000001WldQQAS",
			"Certified_Professional__c": "0031U000002Z1pQQAS",
			"Date_Achieved__c": "2018-08-23",
			"Id": "a041U000001BaEBQA0"
		},
		{
			"attributes": {
				"type": "Certification_Held__c",
				"url": "/services/data/v44.0/sobjects/Certification_Held__c/a041U000001BaECQA0"
			},
			"Certification__c": "a031U000001WldQQAS",
			"Certified_Professional__c": "0031U000002Z1pKQAS",
			"Date_Achieved__c": "2018-08-30",
			"Id": "a041U000001BaECQA0"
		},
		{
			"attributes": {
				"type": "Certification_Held__c",
				"url": "/services/data/v44.0/sobjects/Certification_Held__c/a041U000001BaEDQA0"
			},
			"Certification__c": "a031U000001WldRQAS",
			"Certified_Professional__c": "0031U000002Z1oyQAC",
			"Date_Achieved__c": "2018-06-15",
			"Id": "a041U000001BaEDQA0"
		},
		{
			"attributes": {
				"type": "Certification_Held__c",
				"url": "/services/data/v44.0/sobjects/Certification_Held__c/a041U000001BaEEQA0"
			},
			"Certification__c": "a031U000001WldTQAS",
			"Certified_Professional__c": "0031U000002Z1oyQAC",
			"Date_Achieved__c": "2018-07-30",
			"Id": "a041U000001BaEEQA0"
		},
		{
			"attributes": {
				"type": "Certification_Held__c",
				"url": "/services/data/v44.0/sobjects/Certification_Held__c/a041U000001BaEFQA0"
			},
			"Certification__c": "a031U000001WldRQAS",
			"Certified_Professional__c": "0031U000002Z1pGQAS",
			"Date_Achieved__c": "2018-06-25",
			"Id": "a041U000001BaEFQA0"
		},
		{
			"attributes": {
				"type": "Certification_Held__c",
				"url": "/services/data/v44.0/sobjects/Certification_Held__c/a041U000001BaEGQA0"
			},
			"Certification__c": "a031U000001WldTQAS",
			"Certified_Professional__c": "0031U000002Z1pGQAS",
			"Date_Achieved__c": "2018-07-30",
			"Id": "a041U000001BaEGQA0"
		},
		{
			"attributes": {
				"type": "Certification_Held__c",
				"url": "/services/data/v44.0/sobjects/Certification_Held__c/a041U000001BaEHQA0"
			},
			"Certification__c": "a031U000001WldTQAS",
			"Certified_Professional__c": "0031U000002Z1pHQAS",
			"Date_Achieved__c": "2018-07-30",
			"Id": "a041U000001BaEHQA0"
		},
		{
			"attributes": {
				"type": "Certification_Held__c",
				"url": "/services/data/v44.0/sobjects/Certification_Held__c/a041U000001BaEIQA0"
			},
			"Certification__c": "a031U000001WldRQAS",
			"Certified_Professional__c": "0031U000002Z1pHQAS",
			"Date_Achieved__c": "2018-06-25",
			"Id": "a041U000001BaEIQA0"
		},
		{
			"attributes": {
				"type": "Certification_Held__c",
				"url": "/services/data/v44.0/sobjects/Certification_Held__c/a041U000001BaEJQA0"
			},
			"Certification__c": "a031U000001WldRQAS",
			"Certified_Professional__c": "0031U000002Z1pIQAS",
			"Date_Achieved__c": "2018-06-25",
			"Id": "a041U000001BaEJQA0"
		},
		{
			"attributes": {
				"type": "Certification_Held__c",
				"url": "/services/data/v44.0/sobjects/Certification_Held__c/a041U000001BaEKQA0"
			},
			"Certification__c": "a031U000001WldTQAS",
			"Certified_Professional__c": "0031U000002Z1pIQAS",
			"Date_Achieved__c": "2018-07-30",
			"Id": "a041U000001BaEKQA0"
		},
		{
			"attributes": {
				"type": "Certification_Held__c",
				"url": "/services/data/v44.0/sobjects/Certification_Held__c/a041U000001BaELQA0"
			},
			"Certification__c": "a031U000001WldQQAS",
			"Certified_Professional__c": "0031U000002Z1okQAC",
			"Date_Achieved__c": "2018-10-18",
			"Id": "a041U000001BaELQA0"
		},
		{
			"attributes": {
				"type": "Certification_Held__c",
				"url": "/services/data/v44.0/sobjects/Certification_Held__c/a041U000001BaEMQA0"
			},
			"Certification__c": "a031U000001WldQQAS",
			"Certified_Professional__c": "0031U000002Z1pMQAS",
			"Date_Achieved__c": "2018-10-18",
			"Id": "a041U000001BaEMQA0"
		},
		{
			"attributes": {
				"type": "Certification_Held__c",
				"url": "/services/data/v44.0/sobjects/Certification_Held__c/a041U000001BaENQA0"
			},
			"Certification__c": "a031U000001WldQQAS",
			"Certified_Professional__c": "0031U000002Z1pNQAS",
			"Date_Achieved__c": "2018-10-18",
			"Id": "a041U000001BaENQA0"
		},
		{
			"attributes": {
				"type": "Certification_Held__c",
				"url": "/services/data/v44.0/sobjects/Certification_Held__c/a041U000001BaEOQA0"
			},
			"Certification__c": "a031U000001WldQQAS",
			"Certified_Professional__c": "0031U000002Z1pOQAS",
			"Date_Achieved__c": "2018-10-18",
			"Id": "a041U000001BaEOQA0"
		},
		{
			"attributes": {
				"type": "Certification_Held__c",
				"url": "/services/data/v44.0/sobjects/Certification_Held__c/a041U000001BaEPQA0"
			},
			"Certification__c": "a031U000001WldUQAS",
			"Certified_Professional__c": "0031U000002Z1pTQAS",
			"Date_Achieved__c": "2018-10-19",
			"Id": "a041U000001BaEPQA0"
		},
		{
			"attributes": {
				"type": "Certification_Held__c",
				"url": "/services/data/v44.0/sobjects/Certification_Held__c/a041U000001BaEQQA0"
			},
			"Certification__c": "a031U000001WldUQAS",
			"Certified_Professional__c": "0031U000002Z1p3QAC",
			"Date_Achieved__c": "2018-05-11",
			"Id": "a041U000001BaEQQA0"
		},
		{
			"attributes": {
				"type": "Certification_Held__c",
				"url": "/services/data/v44.0/sobjects/Certification_Held__c/a041U000001BaERQA0"
			},
			"Certification__c": "a031U000001WldPQAS",
			"Certified_Professional__c": "0031U000002Z1p3QAC",
			"Date_Achieved__c": "2018-06-08",
			"Id": "a041U000001BaERQA0"
		},
		{
			"attributes": {
				"type": "Certification_Held__c",
				"url": "/services/data/v44.0/sobjects/Certification_Held__c/a041U000001BaESQA0"
			},
			"Certification__c": "a031U000001WldUQAS",
			"Certified_Professional__c": "0031U000002Z1pVQAS",
			"Date_Achieved__c": "2018-11-08",
			"Id": "a041U000001BaESQA0"
		},
		{
			"attributes": {
				"type": "Certification_Held__c",
				"url": "/services/data/v44.0/sobjects/Certification_Held__c/a041U000001BaETQA0"
			},
			"Certification__c": "a031U000001WldQQAS",
			"Certified_Professional__c": "0031U000002Z1p6QAC",
			"Date_Achieved__c": "2018-05-10",
			"Id": "a041U000001BaETQA0"
		},
		{
			"attributes": {
				"type": "Certification_Held__c",
				"url": "/services/data/v44.0/sobjects/Certification_Held__c/a041U000001BaEUQA0"
			},
			"Certification__c": "a031U000001WldXQAS",
			"Certified_Professional__c": "0031U000002Z1p6QAC",
			"Date_Achieved__c": "2018-06-18",
			"Id": "a041U000001BaEUQA0"
		},
		{
			"attributes": {
				"type": "Certification_Held__c",
				"url": "/services/data/v44.0/sobjects/Certification_Held__c/a041U000001BaEVQA0"
			},
			"Certification__c": "a031U000001WldXQAS",
			"Certified_Professional__c": "0031U000002Z1pDQAS",
			"Date_Achieved__c": "2018-06-18",
			"Id": "a041U000001BaEVQA0"
		},
		{
			"attributes": {
				"type": "Certification_Held__c",
				"url": "/services/data/v44.0/sobjects/Certification_Held__c/a041U000001BaEWQA0"
			},
			"Certification__c": "a031U000001WldQQAS",
			"Certified_Professional__c": "0031U000002Z1pDQAS",
			"Date_Achieved__c": "2018-05-10",
			"Id": "a041U000001BaEWQA0"
		},
		{
			"attributes": {
				"type": "Certification_Held__c",
				"url": "/services/data/v44.0/sobjects/Certification_Held__c/a041U000001BaEXQA0"
			},
			"Certification__c": "a031U000001WldSQAS",
			"Certified_Professional__c": "0031U000002Z1pDQAS",
			"Date_Achieved__c": "2018-10-15",
			"Id": "a041U000001BaEXQA0"
		},
		{
			"attributes": {
				"type": "Certification_Held__c",
				"url": "/services/data/v44.0/sobjects/Certification_Held__c/a041U000001BaEZQA0"
			},
			"Certification__c": "a031U000001WldQQAS",
			"Certified_Professional__c": "0031U000002Z1pEQAS",
			"Date_Achieved__c": "2018-05-10",
			"Id": "a041U000001BaEZQA0"
		},
		{
			"attributes": {
				"type": "Certification_Held__c",
				"url": "/services/data/v44.0/sobjects/Certification_Held__c/a041U000001BaEaQAK"
			},
			"Certification__c": "a031U000001WldSQAS",
			"Certified_Professional__c": "0031U000002Z1pEQAS",
			"Date_Achieved__c": "2018-10-15",
			"Id": "a041U000001BaEaQAK"
		},
		{
			"attributes": {
				"type": "Certification_Held__c",
				"url": "/services/data/v44.0/sobjects/Certification_Held__c/a041U000001BaEbQAK"
			},
			"Certification__c": "a031U000001WldXQAS",
			"Certified_Professional__c": "0031U000002Z1pFQAS",
			"Date_Achieved__c": "2018-06-18",
			"Id": "a041U000001BaEbQAK"
		},
		{
			"attributes": {
				"type": "Certification_Held__c",
				"url": "/services/data/v44.0/sobjects/Certification_Held__c/a041U000001BaEcQAK"
			},
			"Certification__c": "a031U000001WldQQAS",
			"Certified_Professional__c": "0031U000002Z1pFQAS",
			"Date_Achieved__c": "2018-05-10",
			"Id": "a041U000001BaEcQAK"
		},
		{
			"attributes": {
				"type": "Certification_Held__c",
				"url": "/services/data/v44.0/sobjects/Certification_Held__c/a041U000001BaEdQAK"
			},
			"Certification__c": "a031U000001WldSQAS",
			"Certified_Professional__c": "0031U000002Z1pFQAS",
			"Date_Achieved__c": "2018-10-15",
			"Id": "a041U000001BaEdQAK"
		},
		{
			"attributes": {
				"type": "Certification_Held__c",
				"url": "/services/data/v44.0/sobjects/Certification_Held__c/a041U000001BaEeQAK"
			},
			"Certification__c": "a031U000001WldUQAS",
			"Certified_Professional__c": "0031U000002Z1pBQAS",
			"Date_Achieved__c": "2018-06-11",
			"Id": "a041U000001BaEeQAK"
		},
		{
			"attributes": {
				"type": "Certification_Held__c",
				"url": "/services/data/v44.0/sobjects/Certification_Held__c/a041U000001BaEfQAK"
			},
			"Certification__c": "a031U000001WldPQAS",
			"Certified_Professional__c": "0031U000002Z1pBQAS",
			"Date_Achieved__c": "2018-07-16",
			"Id": "a041U000001BaEfQAK"
		},
		{
			"attributes": {
				"type": "Certification_Held__c",
				"url": "/services/data/v44.0/sobjects/Certification_Held__c/a041U000001BaEgQAK"
			},
			"Certification__c": "a031U000001WldVQAS",
			"Certified_Professional__c": "0031U000002Z1pBQAS",
			"Date_Achieved__c": "2018-10-29",
			"Id": "a041U000001BaEgQAK"
		},
		{
			"attributes": {
				"type": "Certification_Held__c",
				"url": "/services/data/v44.0/sobjects/Certification_Held__c/a041U000001BaEhQAK"
			},
			"Certification__c": "a031U000001WldVQAS",
			"Certified_Professional__c": "0031U000002Z1pCQAS",
			"Date_Achieved__c": "2018-10-29",
			"Id": "a041U000001BaEhQAK"
		},
		{
			"attributes": {
				"type": "Certification_Held__c",
				"url": "/services/data/v44.0/sobjects/Certification_Held__c/a041U000001BaEiQAK"
			},
			"Certification__c": "a031U000001WldPQAS",
			"Certified_Professional__c": "0031U000002Z1pCQAS",
			"Date_Achieved__c": "2018-07-16",
			"Id": "a041U000001BaEiQAK"
		},
		{
			"attributes": {
				"type": "Certification_Held__c",
				"url": "/services/data/v44.0/sobjects/Certification_Held__c/a041U000001BaEjQAK"
			},
			"Certification__c": "a031U000001WldUQAS",
			"Certified_Professional__c": "0031U000002Z1pCQAS",
			"Date_Achieved__c": "2018-06-11",
			"Id": "a041U000001BaEjQAK"
		},
		{
			"attributes": {
				"type": "Certification_Held__c",
				"url": "/services/data/v44.0/sobjects/Certification_Held__c/a041U000001BaEkQAK"
			},
			"Certification__c": "a031U000001WldVQAS",
			"Certified_Professional__c": "0031U000002Z1owQAC",
			"Date_Achieved__c": "2018-10-29",
			"Id": "a041U000001BaEkQAK"
		},
		{
			"attributes": {
				"type": "Certification_Held__c",
				"url": "/services/data/v44.0/sobjects/Certification_Held__c/a041U000001BaElQAK"
			},
			"Certification__c": "a031U000001WldUQAS",
			"Certified_Professional__c": "0031U000002Z1owQAC",
			"Date_Achieved__c": "2018-06-11",
			"Id": "a041U000001BaElQAK"
		},
		{
			"attributes": {
				"type": "Certification_Held__c",
				"url": "/services/data/v44.0/sobjects/Certification_Held__c/a041U000001BaEmQAK"
			},
			"Certification__c": "a031U000001WldPQAS",
			"Certified_Professional__c": "0031U000002Z1owQAC",
			"Date_Achieved__c": "2018-07-16",
			"Id": "a041U000001BaEmQAK"
		},
		{
			"attributes": {
				"type": "Certification_Held__c",
				"url": "/services/data/v44.0/sobjects/Certification_Held__c/a041U000001BaEnQAK"
			},
			"Certification__c": "a031U000001WldVQAS",
			"Certified_Professional__c": "0031U000002Z1p5QAC",
			"Date_Achieved__c": "2018-10-29",
			"Id": "a041U000001BaEnQAK"
		},
		{
			"attributes": {
				"type": "Certification_Held__c",
				"url": "/services/data/v44.0/sobjects/Certification_Held__c/a041U000001BaEoQAK"
			},
			"Certification__c": "a031U000001WldUQAS",
			"Certified_Professional__c": "0031U000002Z1p5QAC",
			"Date_Achieved__c": "2018-06-11",
			"Id": "a041U000001BaEoQAK"
		},
		{
			"attributes": {
				"type": "Certification_Held__c",
				"url": "/services/data/v44.0/sobjects/Certification_Held__c/a041U000001BaEpQAK"
			},
			"Certification__c": "a031U000001WldUQAS",
			"Certified_Professional__c": "0031U000002Z1oeQAC",
			"Date_Achieved__c": "2018-09-20",
			"Id": "a041U000001BaEpQAK"
		},
		{
			"attributes": {
				"type": "Certification_Held__c",
				"url": "/services/data/v44.0/sobjects/Certification_Held__c/a041U000001BaEqQAK"
			},
			"Certification__c": "a031U000001WldUQAS",
			"Certified_Professional__c": "0031U000002Z1ogQAC",
			"Date_Achieved__c": "2018-09-18",
			"Id": "a041U000001BaEqQAK"
		},
		{
			"attributes": {
				"type": "Certification_Held__c",
				"url": "/services/data/v44.0/sobjects/Certification_Held__c/a041U000001BaEYQA0"
			},
			"Certification__c": "a031U000001WldXQAS",
			"Certified_Professional__c": "0031U000002Z1pEQAS",
			"Date_Achieved__c": "2018-06-18",
			"Id": "a041U000001BaEYQA0"
		},
		{
			"attributes": {
				"type": "Certification_Held__c",
				"url": "/services/data/v44.0/sobjects/Certification_Held__c/a041U000001BaErQAK"
			},
			"Certification__c": "a031U000001WldUQAS",
			"Certified_Professional__c": "0031U000002Z1ohQAC",
			"Date_Achieved__c": "2018-09-08",
			"Id": "a041U000001BaErQAK"
		},
		{
			"attributes": {
				"type": "Certification_Held__c",
				"url": "/services/data/v44.0/sobjects/Certification_Held__c/a041U000001BaEsQAK"
			},
			"Certification__c": "a031U000001WldUQAS",
			"Certified_Professional__c": "0031U000002Z1oiQAC",
			"Date_Achieved__c": "2018-09-08",
			"Id": "a041U000001BaEsQAK"
		},
		{
			"attributes": {
				"type": "Certification_Held__c",
				"url": "/services/data/v44.0/sobjects/Certification_Held__c/a041U000001BieAQAS"
			},
			"Certification__c": "a031U000001WldSQAS",
			"Certified_Professional__c": "0031U000001q2WDQAY",
			"Date_Achieved__c": "1996-09-27",
			"Id": "a041U000001BieAQAS"
		},
		{
			"attributes": {
				"type": "Certification_Held__c",
				"url": "/services/data/v44.0/sobjects/Certification_Held__c/a041U000001BieZQAS"
			},
			"Certification__c": "a031U000001WldWQAS",
			"Certified_Professional__c": "0031U000001q2WDQAY",
			"Date_Achieved__c": "2004-04-27",
			"Id": "a041U000001BieZQAS"
		},
		{
			"attributes": {
				"type": "Certification_Held__c",
				"url": "/services/data/v44.0/sobjects/Certification_Held__c/a041U000001BieaQAC"
			},
			"Certification__c": "a031U000001WldVQAS",
			"Certified_Professional__c": "0031U000001q2WDQAY",
			"Date_Achieved__c": "1969-06-16",
			"Id": "a041U000001BieaQAC"
		},
		{
			"attributes": {
				"type": "Certification_Held__c",
				"url": "/services/data/v44.0/sobjects/Certification_Held__c/a041U000001BidqQAC"
			},
			"Certification__c": "a031U000001WldYQAS",
			"Certified_Professional__c": "0031U000001q2WDQAY",
			"Date_Achieved__c": "1968-10-03",
			"Id": "a041U000001BidqQAC"
		}
	],
	"total": 99
}