{
	"fetched": 11,
	"records": [
		{
			"attributes": {
				"type": "Certification__c",
				"url": "/services/data/v44.0/sobjects/Certification__c/a031U000001WldPQAS"
			},
			"Certification_Description__c": "AW Computing Certified Professional Server",
			"Id": "a031U000001WldPQAS",
			"Name": "AWCP Server",
			"Status__c": "Active"
		},
		{
			"attributes": {
				"type": "Certification__c",
				"url": "/services/data/v44.0/sobjects/Certification__c/a031U000001WldQQAS"
			},
			"Certification_Description__c": "AW Computing Certified Associate Network",
			"Id": "a031U000001WldQQAS",
			"Name": "AWCA Network",
			"Status__c": "Active"
		},
		{
			"attributes": {
				"type": "Certification__c",
				"url": "/services/data/v44.0/sobjects/Certification__c/a031U000001WldRQAS"
			},
			"Certification_Description__c": "AW Computing Certified Associate Security",
			"Id": "a031U000001WldRQAS",
			"Name": "AWCA Security",
			"Status__c": "Active"
		},
		{
			"attributes": {
				"type": "Certification__c",
				"url": "/services/data/v44.0/sobjects/Certification__c/a031U000001WldSQAS"
			},
			"Certification_Description__c": "AW Computing Certified Master Network",
			"Id": "a031U000001WldSQAS",
			"Name": "AWCM Network",
			"Status__c": "Active"
		},
		{
			"attributes": {
				"type": "Certification__c",
				"url": "/services/data/v44.0/sobjects/Certification__c/a031U000001WldTQAS"
			},
			"Certification_Description__c": "AW Computing Certified Professional Security",
			"Id": "a031U000001WldTQAS",
			"Name": "AWCP Security",
			"Status__c": "Active"
		},
		{
			"attributes": {
				"type": "Certification__c",
				"url": "/services/data/v44.0/sobjects/Certification__c/a031U000001WldUQAS"
			},
			"Certification_Description__c": "AW Computing Certified Associate Server",
			"Id": "a031U000001WldUQAS",
			"Name": "AWCA Server",
			"Status__c": "Active"
		},
		{
			"attributes": {
				"type": "Certification__c",
				"url": "/services/data/v44.0/sobjects/Certification__c/a031U000001WldVQAS"
			},
			"Certification_Description__c": "AW Computing Certified Master Server",
			"Id": "a031U000001WldVQAS",
			"Name": "AWCM Server",
			"Status__c": "Active"
		},
		{
			"attributes": {
				"type": "Certification__c",
				"url": "/services/data/v44.0/sobjects/Certification__c/a031U000001WldWQAS"
			},
			"Certification_Description__c": "AW Computing Certified Master Security",
			"Id": "a031U000001WldWQAS",
			"Name": "AWCM Security",
			"Status__c": "Active"
		},
		{
			"attributes": {
				"type": "Certification__c",
				"url": "/services/data/v44.0/sobjects/Certification__c/a031U000001WldXQAS"
			},
			"Certification_Description__c": "AW Computing Certified Professional Network",
			"Id": "a031U000001WldXQAS",
			"Name": "AWCP Network",
			"Status__c": "Active"
		},
		{
			"attributes": {
				"type": "Certification__c",
				"url": "/services/data/v44.0/sobjects/Certification__c/a031U000001WldYQAS"
			},
			"Certification_Description__c": "Tests knowledge of AW policies and procedures.",
			"Id": "a031U000001WldYQAS",
			"Name": "AW Code Of Conduct",
			"Status__c": "Active"
		},
		{
			"attributes": {
				"type": "Certification__c",
				"url": "/services/data/v44.0/sobjects/Certification__c/a031U000001Y8ZrQAK"
			},
			"Certification_Description__c": null,
			"Id": "a031U000001Y8ZrQAK",
			"Name": "Platform Developer I",
			"Status__c": "Active"
		}
	],
	"total": 11
}