{
	"fetched": 84,
	"records": [
		{
			"attributes": {
				"type": "Course_Attendee__c",
				"url": "/services/data/v44.0/sobjects/Course_Attendee__c/a021U000001sU9QQAU"
			},
			"Course_Delivery__c": "a011U000001bhI1QAI",
			"Id": "a021U000001sU9QQAU",
			"InstructorNotes__c": null,
			"Status__c": "Completed",
			"Student__c": "0031U000002Z1opQAC"
		},
		{
			"attributes": {
				"type": "Course_Attendee__c",
				"url": "/services/data/v44.0/sobjects/Course_Attendee__c/a021U000001sU9RQAU"
			},
			"Course_Delivery__c": "a011U000001bhI3QAI",
			"Id": "a021U000001sU9RQAU",
			"InstructorNotes__c": null,
			"Status__c": "Completed",
			"Student__c": "0031U000002Z1oqQAC"
		},
		{
			"attributes": {
				"type": "Course_Attendee__c",
				"url": "/services/data/v44.0/sobjects/Course_Attendee__c/a021U000001sU9SQAU"
			},
			"Course_Delivery__c": "a011U000001bhI3QAI",
			"Id": "a021U000001sU9SQAU",
			"InstructorNotes__c": null,
			"Status__c": "Completed",
			"Student__c": "0031U000002Z1orQAC"
		},
		{
			"attributes": {
				"type": "Course_Attendee__c",
				"url": "/services/data/v44.0/sobjects/Course_Attendee__c/a021U000001sU9UQAU"
			},
			"Course_Delivery__c": "a011U000001bhI3QAI",
			"Id": "a021U000001sU9UQAU",
			"InstructorNotes__c": null,
			"Status__c": "Completed",
			"Student__c": "0031U000002Z1otQAC"
		},
		{
			"attributes": {
				"type": "Course_Attendee__c",
				"url": "/services/data/v44.0/sobjects/Course_Attendee__c/a021U000001sU9VQAU"
			},
			"Course_Delivery__c": "a011U000001bhI5QAI",
			"Id": "a021U000001sU9VQAU",
			"InstructorNotes__c": null,
			"Status__c": "No Show",
			"Student__c": "0031U000002Z1ouQAC"
		},
		{
			"attributes": {
				"type": "Course_Attendee__c",
				"url": "/services/data/v44.0/sobjects/Course_Attendee__c/a021U000001sU9WQAU"
			},
			"Course_Delivery__c": "a011U000001bhINQAY",
			"Id": "a021U000001sU9WQAU",
			"InstructorNotes__c": null,
			"Status__c": "Enrolled",
			"Student__c": "0031U000002Z1oiQAC"
		},
		{
			"attributes": {
				"type": "Course_Attendee__c",
				"url": "/services/data/v44.0/sobjects/Course_Attendee__c/a021U000001sU9XQAU"
			},
			"Course_Delivery__c": "a011U000001bhI3QAI",
			"Id": "a021U000001sU9XQAU",
			"InstructorNotes__c": null,
			"Status__c": "No Show",
			"Student__c": "0031U000002Z1ovQAC"
		},
		{
			"attributes": {
				"type": "Course_Attendee__c",
				"url": "/services/data/v44.0/sobjects/Course_Attendee__c/a021U000001sU9YQAU"
			},
			"Course_Delivery__c": "a011U000001bhIBQAY",
			"Id": "a021U000001sU9YQAU",
			"InstructorNotes__c": null,
			"Status__c": "Completed",
			"Student__c": "0031U000002Z1owQAC"
		},
		{
			"attributes": {
				"type": "Course_Attendee__c",
				"url": "/services/data/v44.0/sobjects/Course_Attendee__c/a021U000001sU9ZQAU"
			},
			"Course_Delivery__c": "a011U000001bhI3QAI",
			"Id": "a021U000001sU9ZQAU",
			"InstructorNotes__c": null,
			"Status__c": "Completed",
			"Student__c": "0031U000002Z1oxQAC"
		},
		{
			"attributes": {
				"type": "Course_Attendee__c",
				"url": "/services/data/v44.0/sobjects/Course_Attendee__c/a021U000001sU9aQAE"
			},
			"Course_Delivery__c": "a011U000001bhI4QAI",
			"Id": "a021U000001sU9aQAE",
			"InstructorNotes__c": null,
			"Status__c": "Completed",
			"Student__c": "0031U000002Z1ocQAC"
		},
		{
			"attributes": {
				"type": "Course_Attendee__c",
				"url": "/services/data/v44.0/sobjects/Course_Attendee__c/a021U000001sU9bQAE"
			},
			"Course_Delivery__c": "a011U000001bhIFQAY",
			"Id": "a021U000001sU9bQAE",
			"InstructorNotes__c": null,
			"Status__c": "Completed",
			"Student__c": "0031U000002Z1oyQAC"
		},
		{
			"attributes": {
				"type": "Course_Attendee__c",
				"url": "/services/data/v44.0/sobjects/Course_Attendee__c/a021U000001sU9cQAE"
			},
			"Course_Delivery__c": "a011U000001bhI5QAI",
			"Id": "a021U000001sU9cQAE",
			"InstructorNotes__c": null,
			"Status__c": "Completed",
			"Student__c": "0031U000002Z1ozQAC"
		},
		{
			"attributes": {
				"type": "Course_Attendee__c",
				"url": "/services/data/v44.0/sobjects/Course_Attendee__c/a021U000001sU9dQAE"
			},
			"Course_Delivery__c": "a011U000001bhI5QAI",
			"Id": "a021U000001sU9dQAE",
			"InstructorNotes__c": null,
			"Status__c": "Completed",
			"Student__c": "0031U000002Z1p0QAC"
		},
		{
			"attributes": {
				"type": "Course_Attendee__c",
				"url": "/services/data/v44.0/sobjects/Course_Attendee__c/a021U000001sU9eQAE"
			},
			"Course_Delivery__c": "a011U000001bhI5QAI",
			"Id": "a021U000001sU9eQAE",
			"InstructorNotes__c": null,
			"Status__c": "Completed",
			"Student__c": "0031U000002Z1p1QAC"
		},
		{
			"attributes": {
				"type": "Course_Attendee__c",
				"url": "/services/data/v44.0/sobjects/Course_Attendee__c/a021U000001sU9fQAE"
			},
			"Course_Delivery__c": "a011U000001bhI6QAI",
			"Id": "a021U000001sU9fQAE",
			"InstructorNotes__c": null,
			"Status__c": "Course Cancelled",
			"Student__c": "0031U000002Z1odQAC"
		},
		{
			"attributes": {
				"type": "Course_Attendee__c",
				"url": "/services/data/v44.0/sobjects/Course_Attendee__c/a021U000001sU9gQAE"
			},
			"Course_Delivery__c": "a011U000001bhI2QAI",
			"Id": "a021U000001sU9gQAE",
			"InstructorNotes__c": null,
			"Status__c": "Course Cancelled",
			"Student__c": "0031U000002Z1ofQAC"
		},
		{
			"attributes": {
				"type": "Course_Attendee__c",
				"url": "/services/data/v44.0/sobjects/Course_Attendee__c/a021U000001sU9hQAE"
			},
			"Course_Delivery__c": "a011U000001bhI4QAI",
			"Id": "a021U000001sU9hQAE",
			"InstructorNotes__c": null,
			"Status__c": "Completed",
			"Student__c": "0031U000002Z1p2QAC"
		},
		{
			"attributes": {
				"type": "Course_Attendee__c",
				"url": "/services/data/v44.0/sobjects/Course_Attendee__c/a021U000001sU9iQAE"
			},
			"Course_Delivery__c": "a011U000001bhI7QAI",
			"Id": "a021U000001sU9iQAE",
			"InstructorNotes__c": null,
			"Status__c": "Course Cancelled",
			"Student__c": "0031U000002Z1p3QAC"
		},
		{
			"attributes": {
				"type": "Course_Attendee__c",
				"url": "/services/data/v44.0/sobjects/Course_Attendee__c/a021U000001sU9jQAE"
			},
			"Course_Delivery__c": "a011U000001bhI8QAI",
			"Id": "a021U000001sU9jQAE",
			"InstructorNotes__c": null,
			"Status__c": "Completed",
			"Student__c": "0031U000002Z1p4QAC"
		},
		{
			"attributes": {
				"type": "Course_Attendee__c",
				"url": "/services/data/v44.0/sobjects/Course_Attendee__c/a021U000001sU9kQAE"
			},
			"Course_Delivery__c": "a011U000001bhIBQAY",
			"Id": "a021U000001sU9kQAE",
			"InstructorNotes__c": null,
			"Status__c": "Completed",
			"Student__c": "0031U000002Z1p5QAC"
		},
		{
			"attributes": {
				"type": "Course_Attendee__c",
				"url": "/services/data/v44.0/sobjects/Course_Attendee__c/a021U000001sU9lQAE"
			},
			"Course_Delivery__c": "a011U000001bhICQAY",
			"Id": "a021U000001sU9lQAE",
			"InstructorNotes__c": null,
			"Status__c": "Completed",
			"Student__c": "0031U000002Z1p6QAC"
		},
		{
			"attributes": {
				"type": "Course_Attendee__c",
				"url": "/services/data/v44.0/sobjects/Course_Attendee__c/a021U000001sU9mQAE"
			},
			"Course_Delivery__c": "a011U000001bhI8QAI",
			"Id": "a021U000001sU9mQAE",
			"InstructorNotes__c": null,
			"Status__c": "Completed",
			"Student__c": "0031U000002Z1p7QAC"
		},
		{
			"attributes": {
				"type": "Course_Attendee__c",
				"url": "/services/data/v44.0/sobjects/Course_Attendee__c/a021U000001sU9PQAU"
			},
			"Course_Delivery__c": "a011U000001bhI1QAI",
			"Id": "a021U000001sU9PQAU",
			"InstructorNotes__c": null,
			"Status__c": "Completed",
			"Student__c": "0031U000002Z1ooQAC"
		},
		{
			"attributes": {
				"type": "Course_Attendee__c",
				"url": "/services/data/v44.0/sobjects/Course_Attendee__c/a021U000001sU9oQAE"
			},
			"Course_Delivery__c": "a011U000001bhI9QAI",
			"Id": "a021U000001sU9oQAE",
			"InstructorNotes__c": null,
			"Status__c": "Completed",
			"Student__c": "0031U000002Z1p9QAC"
		},
		{
			"attributes": {
				"type": "Course_Attendee__c",
				"url": "/services/data/v44.0/sobjects/Course_Attendee__c/a021U000001sU9pQAE"
			},
			"Course_Delivery__c": "a011U000001bhI9QAI",
			"Id": "a021U000001sU9pQAE",
			"InstructorNotes__c": null,
			"Status__c": "Completed",
			"Student__c": "0031U000002Z1pAQAS"
		},
		{
			"attributes": {
				"type": "Course_Attendee__c",
				"url": "/services/data/v44.0/sobjects/Course_Attendee__c/a021U000001sU9qQAE"
			},
			"Course_Delivery__c": "a011U000001bhIBQAY",
			"Id": "a021U000001sU9qQAE",
			"InstructorNotes__c": null,
			"Status__c": "Completed",
			"Student__c": "0031U000002Z1pBQAS"
		},
		{
			"attributes": {
				"type": "Course_Attendee__c",
				"url": "/services/data/v44.0/sobjects/Course_Attendee__c/a021U000001sU9rQAE"
			},
			"Course_Delivery__c": "a011U000001bhIBQAY",
			"Id": "a021U000001sU9rQAE",
			"InstructorNotes__c": null,
			"Status__c": "Completed",
			"Student__c": "0031U000002Z1pCQAS"
		},
		{
			"attributes": {
				"type": "Course_Attendee__c",
				"url": "/services/data/v44.0/sobjects/Course_Attendee__c/a021U000001sU9sQAE"
			},
			"Course_Delivery__c": "a011U000001bhICQAY",
			"Id": "a021U000001sU9sQAE",
			"InstructorNotes__c": null,
			"Status__c": "Completed",
			"Student__c": "0031U000002Z1pDQAS"
		},
		{
			"attributes": {
				"type": "Course_Attendee__c",
				"url": "/services/data/v44.0/sobjects/Course_Attendee__c/a021U000001sU9tQAE"
			},
			"Course_Delivery__c": "a011U000001bhICQAY",
			"Id": "a021U000001sU9tQAE",
			"InstructorNotes__c": null,
			"Status__c": "Completed",
			"Student__c": "0031U000002Z1pEQAS"
		},
		{
			"attributes": {
				"type": "Course_Attendee__c",
				"url": "/services/data/v44.0/sobjects/Course_Attendee__c/a021U000001sU9uQAE"
			},
			"Course_Delivery__c": "a011U000001bhICQAY",
			"Id": "a021U000001sU9uQAE",
			"InstructorNotes__c": null,
			"Status__c": "Completed",
			"Student__c": "0031U000002Z1pFQAS"
		},
		{
			"attributes": {
				"type": "Course_Attendee__c",
				"url": "/services/data/v44.0/sobjects/Course_Attendee__c/a021U000001sU9vQAE"
			},
			"Course_Delivery__c": "a011U000001bhIFQAY",
			"Id": "a021U000001sU9vQAE",
			"InstructorNotes__c": null,
			"Status__c": "Completed",
			"Student__c": "0031U000002Z1pGQAS"
		},
		{
			"attributes": {
				"type": "Course_Attendee__c",
				"url": "/services/data/v44.0/sobjects/Course_Attendee__c/a021U000001sU9wQAE"
			},
			"Course_Delivery__c": "a011U000001bhIFQAY",
			"Id": "a021U000001sU9wQAE",
			"InstructorNotes__c": null,
			"Status__c": "Completed",
			"Student__c": "0031U000002Z1pHQAS"
		},
		{
			"attributes": {
				"type": "Course_Attendee__c",
				"url": "/services/data/v44.0/sobjects/Course_Attendee__c/a021U000001sU9xQAE"
			},
			"Course_Delivery__c": "a011U000001bhIFQAY",
			"Id": "a021U000001sU9xQAE",
			"InstructorNotes__c": null,
			"Status__c": "Completed",
			"Student__c": "0031U000002Z1pIQAS"
		},
		{
			"attributes": {
				"type": "Course_Attendee__c",
				"url": "/services/data/v44.0/sobjects/Course_Attendee__c/a021U000001sUAFQA2"
			},
			"Course_Delivery__c": "a011U000001bhIJQAY",
			"Id": "a021U000001sUAFQA2",
			"InstructorNotes__c": null,
			"Status__c": "Course Cancelled",
			"Student__c": "0031U000002Z1pNQAS"
		},
		{
			"attributes": {
				"type": "Course_Attendee__c",
				"url": "/services/data/v44.0/sobjects/Course_Attendee__c/a021U000001sUAGQA2"
			},
			"Course_Delivery__c": "a011U000001bhIEQAY",
			"Id": "a021U000001sUAGQA2",
			"InstructorNotes__c": null,
			"Status__c": "Completed",
			"Student__c": "0031U000002Z1pRQAS"
		},
		{
			"attributes": {
				"type": "Course_Attendee__c",
				"url": "/services/data/v44.0/sobjects/Course_Attendee__c/a021U000001sUAHQA2"
			},
			"Course_Delivery__c": "a011U000001bhIEQAY",
			"Id": "a021U000001sUAHQA2",
			"InstructorNotes__c": null,
			"Status__c": "Completed",
			"Student__c": "0031U000002Z1ouQAC"
		},
		{
			"attributes": {
				"type": "Course_Attendee__c",
				"url": "/services/data/v44.0/sobjects/Course_Attendee__c/a021U000001sUAIQA2"
			},
			"Course_Delivery__c": "a011U000001bhIEQAY",
			"Id": "a021U000001sUAIQA2",
			"InstructorNotes__c": null,
			"Status__c": "Completed",
			"Student__c": "0031U000002Z1p1QAC"
		},
		{
			"attributes": {
				"type": "Course_Attendee__c",
				"url": "/services/data/v44.0/sobjects/Course_Attendee__c/a021U000001sUAJQA2"
			},
			"Course_Delivery__c": "a011U000001bhIEQAY",
			"Id": "a021U000001sUAJQA2",
			"InstructorNotes__c": null,
			"Status__c": "Completed",
			"Student__c": "0031U000002Z1p0QAC"
		},
		{
			"attributes": {
				"type": "Course_Attendee__c",
				"url": "/services/data/v44.0/sobjects/Course_Attendee__c/a021U000001sUAKQA2"
			},
			"Course_Delivery__c": "a011U000001bhIKQAY",
			"Id": "a021U000001sUAKQA2",
			"InstructorNotes__c": null,
			"Status__c": "Completed",
			"Student__c": "0031U000002Z1pMQAS"
		},
		{
			"attributes": {
				"type": "Course_Attendee__c",
				"url": "/services/data/v44.0/sobjects/Course_Attendee__c/a021U000001sUALQA2"
			},
			"Course_Delivery__c": "a011U000001bhIKQAY",
			"Id": "a021U000001sUALQA2",
			"InstructorNotes__c": null,
			"Status__c": "Completed",
			"Student__c": "0031U000002Z1pOQAS"
		},
		{
			"attributes": {
				"type": "Course_Attendee__c",
				"url": "/services/data/v44.0/sobjects/Course_Attendee__c/a021U000001sUAMQA2"
			},
			"Course_Delivery__c": "a011U000001bhIAQAY",
			"Id": "a021U000001sUAMQA2",
			"InstructorNotes__c": null,
			"Status__c": "Course Cancelled",
			"Student__c": "0031U000002Z1pSQAS"
		},
		{
			"attributes": {
				"type": "Course_Attendee__c",
				"url": "/services/data/v44.0/sobjects/Course_Attendee__c/a021U000001sUAQQA2"
			},
			"Course_Delivery__c": "a011U000001bhIMQAY",
			"Id": "a021U000001sUAQQA2",
			"InstructorNotes__c": null,
			"Status__c": "Enrolled",
			"Student__c": "0031U000002Z1pTQAS"
		},
		{
			"attributes": {
				"type": "Course_Attendee__c",
				"url": "/services/data/v44.0/sobjects/Course_Attendee__c/a021U000001sUARQA2"
			},
			"Course_Delivery__c": "a011U000001bhIMQAY",
			"Id": "a021U000001sUARQA2",
			"InstructorNotes__c": null,
			"Status__c": "Enrolled",
			"Student__c": "0031U000002Z1pUQAS"
		},
		{
			"attributes": {
				"type": "Course_Attendee__c",
				"url": "/services/data/v44.0/sobjects/Course_Attendee__c/a021U000001sUASQA2"
			},
			"Course_Delivery__c": "a011U000001bhIMQAY",
			"Id": "a021U000001sUASQA2",
			"InstructorNotes__c": null,
			"Status__c": "Enrolled",
			"Student__c": "0031U000002Z1p3QAC"
		},
		{
			"attributes": {
				"type": "Course_Attendee__c",
				"url": "/services/data/v44.0/sobjects/Course_Attendee__c/a021U000001sUATQA2"
			},
			"Course_Delivery__c": "a011U000001bhIMQAY",
			"Id": "a021U000001sUATQA2",
			"InstructorNotes__c": null,
			"Status__c": "Enrolled",
			"Student__c": "0031U000002Z1pVQAS"
		},
		{
			"attributes": {
				"type": "Course_Attendee__c",
				"url": "/services/data/v44.0/sobjects/Course_Attendee__c/a021U000001sUAUQA2"
			},
			"Course_Delivery__c": "a011U000001bhINQAY",
			"Id": "a021U000001sUAUQA2",
			"InstructorNotes__c": null,
			"Status__c": "Enrolled",
			"Student__c": "0031U000002Z1pWQAS"
		},
		{
			"attributes": {
				"type": "Course_Attendee__c",
				"url": "/services/data/v44.0/sobjects/Course_Attendee__c/a021U000001sUAVQA2"
			},
			"Course_Delivery__c": "a011U000001bhINQAY",
			"Id": "a021U000001sUAVQA2",
			"InstructorNotes__c": null,
			"Status__c": "Enrolled",
			"Student__c": "0031U000002Z1pXQAS"
		},
		{
			"attributes": {
				"type": "Course_Attendee__c",
				"url": "/services/data/v44.0/sobjects/Course_Attendee__c/a021U000001sUAWQA2"
			},
			"Course_Delivery__c": "a011U000001bhINQAY",
			"Id": "a021U000001sUAWQA2",
			"InstructorNotes__c": null,
			"Status__c": "Enrolled",
			"Student__c": "0031U000002Z1ohQAC"
		},
		{
			"attributes": {
				"type": "Course_Attendee__c",
				"url": "/services/data/v44.0/sobjects/Course_Attendee__c/a021U000001sUAYQA2"
			},
			"Course_Delivery__c": "a011U000001bhILQAY",
			"Id": "a021U000001sUAYQA2",
			"InstructorNotes__c": null,
			"Status__c": "Enrolled",
			"Student__c": "0031U000002Z1pYQAS"
		},
		{
			"attributes": {
				"type": "Course_Attendee__c",
				"url": "/services/data/v44.0/sobjects/Course_Attendee__c/a021U000001sUAZQA2"
			},
			"Course_Delivery__c": "a011U000001bhILQAY",
			"Id": "a021U000001sUAZQA2",
			"InstructorNotes__c": null,
			"Status__c": "Enrolled",
			"Student__c": "0031U000002Z1p9QAC"
		},
		{
			"attributes": {
				"type": "Course_Attendee__c",
				"url": "/services/data/v44.0/sobjects/Course_Attendee__c/a021U000001sUAaQAM"
			},
			"Course_Delivery__c": "a011U000001bhILQAY",
			"Id": "a021U000001sUAaQAM",
			"InstructorNotes__c": null,
			"Status__c": "Enrolled",
			"Student__c": "0031U000002Z1opQAC"
		},
		{
			"attributes": {
				"type": "Course_Attendee__c",
				"url": "/services/data/v44.0/sobjects/Course_Attendee__c/a021U000001sU9zQAE"
			},
			"Course_Delivery__c": "a011U000001bhIGQAY",
			"Id": "a021U000001sU9zQAE",
			"InstructorNotes__c": null,
			"Status__c": "Completed",
			"Student__c": "0031U000002Z1osQAC"
		},
		{
			"attributes": {
				"type": "Course_Attendee__c",
				"url": "/services/data/v44.0/sobjects/Course_Attendee__c/a021U000001sUA0QAM"
			},
			"Course_Delivery__c": "a011U000001bhIDQAY",
			"Id": "a021U000001sUA0QAM",
			"InstructorNotes__c": null,
			"Status__c": "No Show",
			"Student__c": "0031U000002Z1pKQAS"
		},
		{
			"attributes": {
				"type": "Course_Attendee__c",
				"url": "/services/data/v44.0/sobjects/Course_Attendee__c/a021U000001sUA1QAM"
			},
			"Course_Delivery__c": "a011U000001bhIGQAY",
			"Id": "a021U000001sUA1QAM",
			"InstructorNotes__c": null,
			"Status__c": "Completed",
			"Student__c": "0031U000002Z1ofQAC"
		},
		{
			"attributes": {
				"type": "Course_Attendee__c",
				"url": "/services/data/v44.0/sobjects/Course_Attendee__c/a021U000001sUA2QAM"
			},
			"Course_Delivery__c": "a011U000001bhIGQAY",
			"Id": "a021U000001sUA2QAM",
			"InstructorNotes__c": null,
			"Status__c": "Completed",
			"Student__c": "0031U000002Z1pLQAS"
		},
		{
			"attributes": {
				"type": "Course_Attendee__c",
				"url": "/services/data/v44.0/sobjects/Course_Attendee__c/a021U000001sUA3QAM"
			},
			"Course_Delivery__c": "a011U000001bhIHQAY",
			"Id": "a021U000001sUA3QAM",
			"InstructorNotes__c": null,
			"Status__c": "Completed",
			"Student__c": "0031U000002Z1okQAC"
		},
		{
			"attributes": {
				"type": "Course_Attendee__c",
				"url": "/services/data/v44.0/sobjects/Course_Attendee__c/a021U000001sUA4QAM"
			},
			"Course_Delivery__c": "a011U000001bhIHQAY",
			"Id": "a021U000001sUA4QAM",
			"InstructorNotes__c": null,
			"Status__c": "Completed",
			"Student__c": "0031U000002Z1pMQAS"
		},
		{
			"attributes": {
				"type": "Course_Attendee__c",
				"url": "/services/data/v44.0/sobjects/Course_Attendee__c/a021U000001sU9yQAE"
			},
			"Course_Delivery__c": "a011U000001bhIGQAY",
			"Id": "a021U000001sU9yQAE",
			"InstructorNotes__c": null,
			"Status__c": "Completed",
			"Student__c": "0031U000002Z1pJQAS"
		},
		{
			"attributes": {
				"type": "Course_Attendee__c",
				"url": "/services/data/v44.0/sobjects/Course_Attendee__c/a021U000001sUA5QAM"
			},
			"Course_Delivery__c": "a011U000001bhIHQAY",
			"Id": "a021U000001sUA5QAM",
			"InstructorNotes__c": null,
			"Status__c": "Completed",
			"Student__c": "0031U000002Z1pNQAS"
		},
		{
			"attributes": {
				"type": "Course_Attendee__c",
				"url": "/services/data/v44.0/sobjects/Course_Attendee__c/a021U000001sUA6QAM"
			},
			"Course_Delivery__c": "a011U000001bhIHQAY",
			"Id": "a021U000001sUA6QAM",
			"InstructorNotes__c": null,
			"Status__c": "Completed",
			"Student__c": "0031U000002Z1pOQAS"
		},
		{
			"attributes": {
				"type": "Course_Attendee__c",
				"url": "/services/data/v44.0/sobjects/Course_Attendee__c/a021U000001sUA7QAM"
			},
			"Course_Delivery__c": "a011U000001bhIIQAY",
			"Id": "a021U000001sUA7QAM",
			"InstructorNotes__c": null,
			"Status__c": "Completed",
			"Student__c": "0031U000002Z1omQAC"
		},
		{
			"attributes": {
				"type": "Course_Attendee__c",
				"url": "/services/data/v44.0/sobjects/Course_Attendee__c/a021U000001sUA8QAM"
			},
			"Course_Delivery__c": "a011U000001bhIIQAY",
			"Id": "a021U000001sUA8QAM",
			"InstructorNotes__c": null,
			"Status__c": "Completed",
			"Student__c": "0031U000002Z1p8QAC"
		},
		{
			"attributes": {
				"type": "Course_Attendee__c",
				"url": "/services/data/v44.0/sobjects/Course_Attendee__c/a021U000001sUA9QAM"
			},
			"Course_Delivery__c": "a011U000001bhIIQAY",
			"Id": "a021U000001sUA9QAM",
			"InstructorNotes__c": null,
			"Status__c": "Completed",
			"Student__c": "0031U000002Z1onQAC"
		},
		{
			"attributes": {
				"type": "Course_Attendee__c",
				"url": "/services/data/v44.0/sobjects/Course_Attendee__c/a021U000001sUAAQA2"
			},
			"Course_Delivery__c": "a011U000001bhIIQAY",
			"Id": "a021U000001sUAAQA2",
			"InstructorNotes__c": null,
			"Status__c": "Completed",
			"Student__c": "0031U000002Z1ooQAC"
		},
		{
			"attributes": {
				"type": "Course_Attendee__c",
				"url": "/services/data/v44.0/sobjects/Course_Attendee__c/a021U000001sUABQA2"
			},
			"Course_Delivery__c": "a011U000001bhIDQAY",
			"Id": "a021U000001sUABQA2",
			"InstructorNotes__c": null,
			"Status__c": "Completed",
			"Student__c": "0031U000002Z1pPQAS"
		},
		{
			"attributes": {
				"type": "Course_Attendee__c",
				"url": "/services/data/v44.0/sobjects/Course_Attendee__c/a021U000001sUACQA2"
			},
			"Course_Delivery__c": "a011U000001bhIDQAY",
			"Id": "a021U000001sUACQA2",
			"InstructorNotes__c": null,
			"Status__c": "Completed",
			"Student__c": "0031U000002Z1pQQAS"
		},
		{
			"attributes": {
				"type": "Course_Attendee__c",
				"url": "/services/data/v44.0/sobjects/Course_Attendee__c/a021U000001sUADQA2"
			},
			"Course_Delivery__c": "a011U000001bhIDQAY",
			"Id": "a021U000001sUADQA2",
			"InstructorNotes__c": null,
			"Status__c": "Completed",
			"Student__c": "0031U000002Z1pGQAS"
		},
		{
			"attributes": {
				"type": "Course_Attendee__c",
				"url": "/services/data/v44.0/sobjects/Course_Attendee__c/a021U000001sUAEQA2"
			},
			"Course_Delivery__c": "a011U000001bhIDQAY",
			"Id": "a021U000001sUAEQA2",
			"InstructorNotes__c": null,
			"Status__c": "Completed",
			"Student__c": "0031U000002Z1pHQAS"
		},
		{
			"attributes": {
				"type": "Course_Attendee__c",
				"url": "/services/data/v44.0/sobjects/Course_Attendee__c/a021U000001sU9CQAU"
			},
			"Course_Delivery__c": "a011U000001bhHxQAI",
			"Id": "a021U000001sU9CQAU",
			"InstructorNotes__c": null,
			"Status__c": "Completed",
			"Student__c": "0031U000002Z1obQAC"
		},
		{
			"attributes": {
				"type": "Course_Attendee__c",
				"url": "/services/data/v44.0/sobjects/Course_Attendee__c/a021U000001sU9DQAU"
			},
			"Course_Delivery__c": "a011U000001bhHxQAI",
			"Id": "a021U000001sU9DQAU",
			"InstructorNotes__c": null,
			"Status__c": "Completed",
			"Student__c": "0031U000002Z1ocQAC"
		},
		{
			"attributes": {
				"type": "Course_Attendee__c",
				"url": "/services/data/v44.0/sobjects/Course_Attendee__c/a021U000001sU9EQAU"
			},
			"Course_Delivery__c": "a011U000001bhHxQAI",
			"Id": "a021U000001sU9EQAU",
			"InstructorNotes__c": null,
			"Status__c": "Completed",
			"Student__c": "0031U000002Z1odQAC"
		},
		{
			"attributes": {
				"type": "Course_Attendee__c",
				"url": "/services/data/v44.0/sobjects/Course_Attendee__c/a021U000001sU9FQAU"
			},
			"Course_Delivery__c": "a011U000001bhHyQAI",
			"Id": "a021U000001sU9FQAU",
			"InstructorNotes__c": null,
			"Status__c": "Completed",
			"Student__c": "0031U000002Z1oeQAC"
		},
		{
			"attributes": {
				"type": "Course_Attendee__c",
				"url": "/services/data/v44.0/sobjects/Course_Attendee__c/a021U000001sU9GQAU"
			},
			"Course_Delivery__c": "a011U000001bhHzQAI",
			"Id": "a021U000001sU9GQAU",
			"InstructorNotes__c": null,
			"Status__c": "Course Cancelled",
			"Student__c": "0031U000002Z1ofQAC"
		},
		{
			"attributes": {
				"type": "Course_Attendee__c",
				"url": "/services/data/v44.0/sobjects/Course_Attendee__c/a021U000001sU9HQAU"
			},
			"Course_Delivery__c": "a011U000001bhHyQAI",
			"Id": "a021U000001sU9HQAU",
			"InstructorNotes__c": null,
			"Status__c": "Completed",
			"Student__c": "0031U000002Z1ogQAC"
		},
		{
			"attributes": {
				"type": "Course_Attendee__c",
				"url": "/services/data/v44.0/sobjects/Course_Attendee__c/a021U000001sU9IQAU"
			},
			"Course_Delivery__c": "a011U000001bhHyQAI",
			"Id": "a021U000001sU9IQAU",
			"InstructorNotes__c": null,
			"Status__c": "Completed",
			"Student__c": "0031U000002Z1ohQAC"
		},
		{
			"attributes": {
				"type": "Course_Attendee__c",
				"url": "/services/data/v44.0/sobjects/Course_Attendee__c/a021U000001sU9JQAU"
			},
			"Course_Delivery__c": "a011U000001bhHyQAI",
			"Id": "a021U000001sU9JQAU",
			"InstructorNotes__c": null,
			"Status__c": "No Show",
			"Student__c": "0031U000002Z1oiQAC"
		},
		{
			"attributes": {
				"type": "Course_Attendee__c",
				"url": "/services/data/v44.0/sobjects/Course_Attendee__c/a021U000001sU9KQAU"
			},
			"Course_Delivery__c": "a011U000001bhI8QAI",
			"Id": "a021U000001sU9KQAU",
			"InstructorNotes__c": null,
			"Status__c": "Completed",
			"Student__c": "0031U000002Z1ojQAC"
		},
		{
			"attributes": {
				"type": "Course_Attendee__c",
				"url": "/services/data/v44.0/sobjects/Course_Attendee__c/a021U000001sU9LQAU"
			},
			"Course_Delivery__c": "a011U000001bhIKQAY",
			"Id": "a021U000001sU9LQAU",
			"InstructorNotes__c": null,
			"Status__c": "Completed",
			"Student__c": "0031U000002Z1okQAC"
		},
		{
			"attributes": {
				"type": "Course_Attendee__c",
				"url": "/services/data/v44.0/sobjects/Course_Attendee__c/a021U000001sU9MQAU"
			},
			"Course_Delivery__c": "a011U000001bhI0QAI",
			"Id": "a021U000001sU9MQAU",
			"InstructorNotes__c": null,
			"Status__c": "Course Cancelled",
			"Student__c": "0031U000002Z1olQAC"
		},
		{
			"attributes": {
				"type": "Course_Attendee__c",
				"url": "/services/data/v44.0/sobjects/Course_Attendee__c/a021U000001sU9NQAU"
			},
			"Course_Delivery__c": "a011U000001bhI1QAI",
			"Id": "a021U000001sU9NQAU",
			"InstructorNotes__c": null,
			"Status__c": "Completed",
			"Student__c": "0031U000002Z1omQAC"
		},
		{
			"attributes": {
				"type": "Course_Attendee__c",
				"url": "/services/data/v44.0/sobjects/Course_Attendee__c/a021U000001sU9OQAU"
			},
			"Course_Delivery__c": "a011U000001bhI1QAI",
			"Id": "a021U000001sU9OQAU",
			"InstructorNotes__c": null,
			"Status__c": "Completed",
			"Student__c": "0031U000002Z1onQAC"
		},
		{
			"attributes": {
				"type": "Course_Attendee__c",
				"url": "/services/data/v44.0/sobjects/Course_Attendee__c/a021U000001tr48QAA"
			},
			"Course_Delivery__c": "a011U000002KQqBQAW",
			"Id": "a021U000001tr48QAA",
			"InstructorNotes__c": "<p>The student <b>came early</b> to this class, and ask really <b>nice questions</b>. I hope he takes further training with me.</p>",
			"Status__c": "Completed",
			"Student__c": "0031U000001q2WDQAY"
		},
		{
			"attributes": {
				"type": "Course_Attendee__c",
				"url": "/services/data/v44.0/sobjects/Course_Attendee__c/a021U000001tr4NQAQ"
			},
			"Course_Delivery__c": "a011U000002KQq6QAG",
			"Id": "a021U000001tr4NQAQ",
			"InstructorNotes__c": "<p>The student registered for this class but had to cancel last minute. He&#39;ll try to attend the July delivery.</p>",
			"Status__c": "No Show",
			"Student__c": "0031U000001q2WDQAY"
		},
		{
			"attributes": {
				"type": "Course_Attendee__c",
				"url": "/services/data/v44.0/sobjects/Course_Attendee__c/a021U000001tr4cQAA"
			},
			"Course_Delivery__c": "a011U000001bhIOQAY",
			"Id": "a021U000001tr4cQAA",
			"InstructorNotes__c": "<p>The student attended class and asked great questions. <b>Awesome student!</b></p>",
			"Status__c": "Completed",
			"Student__c": "0031U000001q2WDQAY"
		}
	],
	"total": 84
}