{
	"fetched": 36,
	"records": [
		{
			"attributes": {
				"type": "Course_Delivery__c",
				"url": "/services/data/v44.0/sobjects/Course_Delivery__c/a011U000001bhHxQAI"
			},
			"Course__c": "a001U000001NegPQAS",
			"Id": "a011U000001bhHxQAI",
			"Instructor__c": "0051U0000016VMoQAM",
			"City__c": "Tokyo",
			"Country__c": "Japan",
			"Location__c": "Tokyo, JP",
			"Region__c": "APAC",
			"Start_Date__c": "2018-05-11",
			"Status__c": "Delivered"
		},
		{
			"attributes": {
				"type": "Course_Delivery__c",
				"url": "/services/data/v44.0/sobjects/Course_Delivery__c/a011U000001bhHyQAI"
			},
			"Course__c": "a001U000001NegPQAS",
			"Id": "a011U000001bhHyQAI",
			"Instructor__c": "0051U0000016VMiQAM",
			"City__c": "San Francisco",
			"Country__c": "Usa",
			"Location__c": "San Francisco, US",
			"Region__c": "NAMER",
			"Start_Date__c": "2018-08-31",
			"Status__c": "Delivered"
		},
		{
			"attributes": {
				"type": "Course_Delivery__c",
				"url": "/services/data/v44.0/sobjects/Course_Delivery__c/a011U000001bhHzQAI"
			},
			"Course__c": "a001U000001NegPQAS",
			"Id": "a011U000001bhHzQAI",
			"Instructor__c": "0051U0000016VMmQAM",
			"City__c": "Paris",
			"Country__c": "France",
			"Location__c": "Paris, FR",
			"Region__c": "EMEA",
			"Start_Date__c": "2018-06-15",
			"Status__c": "Cancelled"
		},
		{
			"attributes": {
				"type": "Course_Delivery__c",
				"url": "/services/data/v44.0/sobjects/Course_Delivery__c/a011U000001bhI0QAI"
			},
			"Course__c": "a001U000001NegLQAS",
			"Id": "a011U000001bhI0QAI",
			"Instructor__c": "0051U0000016VMpQAM",
			"City__c": "Singapore",
			"Country__c": "Singapore",
			"Location__c": "Singapore, SG",
			"Region__c": "APAC",
			"Start_Date__c": "2018-06-29",
			"Status__c": "Cancelled"
		},
		{
			"attributes": {
				"type": "Course_Delivery__c",
				"url": "/services/data/v44.0/sobjects/Course_Delivery__c/a011U000001bhI1QAI"
			},
			"Course__c": "a001U000001NegLQAS",
			"Id": "a011U000001bhI1QAI",
			"Instructor__c": "0051U0000016VMlQAM",
			"City__c": "London",
			"Country__c": "UK",
			"Region__c": "EMEA",
			"Start_Date__c": "2018-06-22",
			"Status__c": "Delivered"
		},
		{
			"attributes": {
				"type": "Course_Delivery__c",
				"url": "/services/data/v44.0/sobjects/Course_Delivery__c/a011U000001bhI2QAI"
			},
			"Course__c": "a001U000001NegSQAS",
			"Id": "a011U000001bhI2QAI",
			"Instructor__c": "0051U0000016VMmQAM",
			"City__c": "Paris",
			"Country__c": "France",
			"Location__c": "Paris, FR",
			"Region__c": "EMEA",
			"Start_Date__c": "2018-06-29",
			"Status__c": "Cancelled"
		},
		{
			"attributes": {
				"type": "Course_Delivery__c",
				"url": "/services/data/v44.0/sobjects/Course_Delivery__c/a011U000001bhI3QAI"
			},
			"Course__c": "a001U000001NegLQAS",
			"Id": "a011U000001bhI3QAI",
			"Instructor__c": "0051U0000016VMjQAM",
			"City__c": "Chicago",
			"Country__c": "USA",
			"Location__c": "Chicago, US",
			"Region__c": "NAMER",
			"Start_Date__c": "2018-05-25",
			"Status__c": "Delivered"
		},
		{
			"attributes": {
				"type": "Course_Delivery__c",
				"url": "/services/data/v44.0/sobjects/Course_Delivery__c/a011U000001bhI4QAI"
			},
			"Course__c": "a001U000001NegOQAS",
			"Id": "a011U000001bhI4QAI",
			"Instructor__c": "0051U0000016VMoQAM",
			"City__c": "Tokyo",
			"Country__c": "Japan",
			"Location__c": "Tokyo, JP",
			"Region__c": "APAC",
			"Start_Date__c": "2018-06-01",
			"Status__c": "Delivered"
		},
		{
			"attributes": {
				"type": "Course_Delivery__c",
				"url": "/services/data/v44.0/sobjects/Course_Delivery__c/a011U000001bhI5QAI"
			},
			"Course__c": "a001U000001NegMQAS",
			"Id": "a011U000001bhI5QAI",
			"Instructor__c": "0051U0000016VMkQAM",
			"City__c": "Toronto",
			"Country__c": "Canada",
			"Location__c": "Toronto, CA",
			"Region__c": "NAMER",
			"Start_Date__c": "2018-07-06",
			"Status__c": "Delivered"
		},
		{
			"attributes": {
				"type": "Course_Delivery__c",
				"url": "/services/data/v44.0/sobjects/Course_Delivery__c/a011U000001bhI6QAI"
			},
			"Course__c": "a001U000001NegKQAS",
			"Id": "a011U000001bhI6QAI",
			"Instructor__c": "0051U0000016VMoQAM",
			"City__c": "Tokyo",
			"Country__c": "Japan",
			"Location__c": "Tokyo, JP",
			"Region__c": "APAC",
			"Start_Date__c": "2018-05-25",
			"Status__c": "Cancelled"
		},
		{
			"attributes": {
				"type": "Course_Delivery__c",
				"url": "/services/data/v44.0/sobjects/Course_Delivery__c/a011U000001bhI7QAI"
			},
			"Course__c": "a001U000001NegQQAS",
			"Id": "a011U000001bhI7QAI",
			"Instructor__c": "0051U0000016VMnQAM",
			"City__c": "Berlin",
			"Country__c": "Germany",
			"Location__c": "Berlin, DE",
			"Region__c": "EMEA",
			"Start_Date__c": "2018-06-15",
			"Status__c": "Cancelled"
		},
		{
			"attributes": {
				"type": "Course_Delivery__c",
				"url": "/services/data/v44.0/sobjects/Course_Delivery__c/a011U000001bhI8QAI"
			},
			"Course__c": "a001U000001NegTQAS",
			"Id": "a011U000001bhI8QAI",
			"Instructor__c": "0051U0000016VMjQAM",
			"City__c": "Chicago",
			"Country__c": "USA",
			"Location__c": "Chicago, US",
			"Region__c": "NAMER",
			"Start_Date__c": "2018-10-05",
			"Status__c": "Delivered"
		},
		{
			"attributes": {
				"type": "Course_Delivery__c",
				"url": "/services/data/v44.0/sobjects/Course_Delivery__c/a011U000001bhI9QAI"
			},
			"Course__c": "a001U000001NegUQAS",
			"Id": "a011U000001bhI9QAI",
			"Instructor__c": "0051U0000016VMlQAM",
			"City__c": "London",
			"Country__c": "UK",
			"Location__c": "London, GB",
			"Region__c": "EMEA",
			"Start_Date__c": "2018-06-01",
			"Status__c": "Delivered"
		},
		{
			"attributes": {
				"type": "Course_Delivery__c",
				"url": "/services/data/v44.0/sobjects/Course_Delivery__c/a011U000001bhIAQAY"
			},
			"Course__c": "a001U000001NegLQAS",
			"Id": "a011U000001bhIAQAY",
			"Instructor__c": "0051U0000016VMkQAM",
			"City__c": "Toronto",
			"Country__c": "Canada",
			"Location__c": "Toronto, CA",
			"Region__c": "NAMER",
			"Start_Date__c": "2018-11-02",
			"Status__c": "Cancelled"
		},
		{
			"attributes": {
				"type": "Course_Delivery__c",
				"url": "/services/data/v44.0/sobjects/Course_Delivery__c/a011U000001bhIBQAY"
			},
			"Course__c": "a001U000001NegQQAS",
			"Id": "a011U000001bhIBQAY",
			"Instructor__c": "0051U0000016VMkQAM",
			"City__c": "Toronto",
			"Country__c": "Canada",
			"Location__c": "Toronto, CA",
			"Region__c": "NAMER",
			"Start_Date__c": "2018-07-20",
			"Status__c": "Delivered"
		},
		{
			"attributes": {
				"type": "Course_Delivery__c",
				"url": "/services/data/v44.0/sobjects/Course_Delivery__c/a011U000001bhICQAY"
			},
			"Course__c": "a001U000001NegNQAS",
			"Id": "a011U000001bhICQAY",
			"Instructor__c": "0051U0000016VMpQAM",
			"City__c": "Singapore",
			"Country__c": "Singapore",
			"Location__c": "Singapore, SG",
			"Region__c": "APAC",
			"Start_Date__c": "2018-07-27",
			"Status__c": "Delivered"
		},
		{
			"attributes": {
				"type": "Course_Delivery__c",
				"url": "/services/data/v44.0/sobjects/Course_Delivery__c/a011U000001bhIDQAY"
			},
			"Course__c": "a001U000001NegSQAS",
			"Id": "a011U000001bhIDQAY",
			"Instructor__c": "0051U0000016VMjQAM",
			"City__c": "Chicago",
			"Country__c": "USA",
			"Location__c": "Chicago, US",
			"Region__c": "NAMER",
			"Start_Date__c": "2018-09-14",
			"Status__c": "Delivered"
		},
		{
			"attributes": {
				"type": "Course_Delivery__c",
				"url": "/services/data/v44.0/sobjects/Course_Delivery__c/a011U000001bhIEQAY"
			},
			"Course__c": "a001U000001NegPQAS",
			"Id": "a011U000001bhIEQAY",
			"Instructor__c": "0051U0000016VMkQAM",
			"City__c": "Toronto",
			"Country__c": "Canada",
			"Location__c": "Toronto, CA",
			"Region__c": "NAMER",
			"Start_Date__c": "2018-10-12",
			"Status__c": "Delivered"
		},
		{
			"attributes": {
				"type": "Course_Delivery__c",
				"url": "/services/data/v44.0/sobjects/Course_Delivery__c/a011U000001bhIFQAY"
			},
			"Course__c": "a001U000001NegRQAS",
			"Id": "a011U000001bhIFQAY",
			"Instructor__c": "0051U0000016VMjQAM",
			"City__c": "Chicago",
			"Country__c": "USA",
			"Location__c": "Chicago, US",
			"Region__c": "NAMER",
			"Start_Date__c": "2018-08-17",
			"Status__c": "Delivered"
		},
		{
			"attributes": {
				"type": "Course_Delivery__c",
				"url": "/services/data/v44.0/sobjects/Course_Delivery__c/a011U000001bhIGQAY"
			},
			"Course__c": "a001U000001NegPQAS",
			"Id": "a011U000001bhIGQAY",
			"Instructor__c": "0051U0000016VMmQAM",
			"City__c": "Paris",
			"Country__c": "France",
			"Location__c": "Paris, FR",
			"Region__c": "EMEA",
			"Start_Date__c": "2018-08-24",
			"Status__c": "Delivered"
		},
		{
			"attributes": {
				"type": "Course_Delivery__c",
				"url": "/services/data/v44.0/sobjects/Course_Delivery__c/a011U000001bhIHQAY"
			},
			"Course__c": "a001U000001NegLQAS",
			"Id": "a011U000001bhIHQAY",
			"Instructor__c": "0051U0000016VMpQAM",
			"City__c": "Singapore",
			"Country__c": "Singapore",
			"Location__c": "Singapore, SG",
			"Region__c": "APAC",
			"Start_Date__c": "2018-09-14",
			"Status__c": "Delivered"
		},
		{
			"attributes": {
				"type": "Course_Delivery__c",
				"url": "/services/data/v44.0/sobjects/Course_Delivery__c/a011U000001bhIIQAY"
			},
			"Course__c": "a001U000001NegKQAS",
			"Id": "a011U000001bhIIQAY",
			"Instructor__c": "0051U0000016VMlQAM",
			"City__c": "London",
			"Country__c": "UK",
			"Location__c": "London, GB",
			"Region__c": "EMEA",
			"Start_Date__c": "2018-09-07",
			"Status__c": "Delivered"
		},
		{
			"attributes": {
				"type": "Course_Delivery__c",
				"url": "/services/data/v44.0/sobjects/Course_Delivery__c/a011U000001bhIJQAY"
			},
			"Course__c": "a001U000001NegOQAS",
			"Id": "a011U000001bhIJQAY",
			"Instructor__c": "0051U0000016VMpQAM",
			"City__c": "Singapore",
			"Country__c": "Singapore",
			"Location__c": "Singapore, SG",
			"Region__c": "APAC",
			"Start_Date__c": "2018-09-21",
			"Status__c": "Cancelled"
		},
		{
			"attributes": {
				"type": "Course_Delivery__c",
				"url": "/services/data/v44.0/sobjects/Course_Delivery__c/a011U000001bhIKQAY"
			},
			"Course__c": "a001U000001NegMQAS",
			"Id": "a011U000001bhIKQAY",
			"Instructor__c": "0051U0000016VMpQAM",
			"City__c": "Singapore",
			"Country__c": "Singapore",
			"Location__c": "Singapore, SG",
			"Region__c": "APAC",
			"Start_Date__c": "2018-10-19",
			"Status__c": "Delivered"
		},
		{
			"attributes": {
				"type": "Course_Delivery__c",
				"url": "/services/data/v44.0/sobjects/Course_Delivery__c/a011U000001bhILQAY"
			},
			"Course__c": "a001U000001NegPQAS",
			"Id": "a011U000001bhILQAY",
			"Instructor__c": "0051U0000016VMlQAM",
			"City__c": "London",
			"Country__c": "UK",
			"Location__c": "London, GB",
			"Region__c": "EMEA",
			"Start_Date__c": "2018-11-16",
			"Status__c": "Scheduled"
		},
		{
			"attributes": {
				"type": "Course_Delivery__c",
				"url": "/services/data/v44.0/sobjects/Course_Delivery__c/a011U000001bhIMQAY"
			},
			"Course__c": "a001U000001NegLQAS",
			"Id": "a011U000001bhIMQAY",
			"Instructor__c": "0051U0000016VMnQAM",
			"City__c": "Berlin",
			"Country__c": "Germany",
			"Location__c": "Berlin, DE",
			"Region__c": "EMEA",
			"Start_Date__c": "2018-11-23",
			"Status__c": "Scheduled"
		},
		{
			"attributes": {
				"type": "Course_Delivery__c",
				"url": "/services/data/v44.0/sobjects/Course_Delivery__c/a011U000001bhINQAY"
			},
			"Course__c": "a001U000001NegMQAS",
			"Id": "a011U000001bhINQAY",
			"Instructor__c": "0051U0000016VMiQAM",
			"City__c": "San Francisco",
			"Country__c": "Usa",
			"Location__c": "San Francisco, US",
			"Region__c": "NAMER",
			"Start_Date__c": "2018-11-30",
			"Status__c": "Scheduled"
		},
		{
			"attributes": {
				"type": "Course_Delivery__c",
				"url": "/services/data/v44.0/sobjects/Course_Delivery__c/a011U000001bhIOQAY"
			},
			"Course__c": "a001U000001NegKQAS",
			"Id": "a011U000001bhIOQAY",
			"Instructor__c": "0051U0000016VMiQAM",
			"City__c": "San Francisco",
			"Country__c": "Usa",
			"Location__c": "San Francisco, US",
			"Region__c": "NAMER",
			"Start_Date__c": "2018-12-14",
			"Status__c": "Scheduled"
		},
		{
			"attributes": {
				"type": "Course_Delivery__c",
				"url": "/services/data/v44.0/sobjects/Course_Delivery__c/a011U000001bhIPQAY"
			},
			"Course__c": "a001U000001NegSQAS",
			"Id": "a011U000001bhIPQAY",
			"Instructor__c": "0051U0000016VMoQAM",
			"City__c": "Tokyo",
			"Country__c": "Japan",
			"Location__c": "Tokyo, JP",
			"Region__c": "APAC",
			"Start_Date__c": "2018-12-28",
			"Status__c": "Scheduled"
		},
		{
			"attributes": {
				"type": "Course_Delivery__c",
				"url": "/services/data/v44.0/sobjects/Course_Delivery__c/a011U000001bhIQQAY"
			},
			"Course__c": "a001U000001NegQQAS",
			"Id": "a011U000001bhIQQAY",
			"Instructor__c": "0051U0000016VMjQAM",
			"City__c": "Chicago",
			"Country__c": "USA",
			"Location__c": "Chicago, US",
			"Region__c": "NAMER",
			"Start_Date__c": "2019-01-04",
			"Status__c": "Scheduled"
		},
		{
			"attributes": {
				"type": "Course_Delivery__c",
				"url": "/services/data/v44.0/sobjects/Course_Delivery__c/a011U000001bhIRQAY"
			},
			"Course__c": "a001U000001NegRQAS",
			"Id": "a011U000001bhIRQAY",
			"Instructor__c": "0051U0000016VMlQAM",
			"City__c": "London",
			"Country__c": "UK",
			"Location__c": "London, GB",
			"Region__c": "EMEA",
			"Start_Date__c": "2019-01-18",
			"Status__c": "Scheduled"
		},
		{
			"attributes": {
				"type": "Course_Delivery__c",
				"url": "/services/data/v44.0/sobjects/Course_Delivery__c/a011U000001bhISQAY"
			},
			"Course__c": "a001U000001NegTQAS",
			"Id": "a011U000001bhISQAY",
			"Instructor__c": "0051U0000016VMpQAM",
			"City__c": "Singapore",
			"Country__c": "Singapore",
			"Location__c": "Singapore, SG",
			"Region__c": "APAC",
			"Start_Date__c": "2019-01-25",
			"Status__c": "Scheduled"
		},
		{
			"attributes": {
				"type": "Course_Delivery__c",
				"url": "/services/data/v44.0/sobjects/Course_Delivery__c/a011U000001bhIUQAY"
			},
			"Course__c": "a001U000001NegPQAS",
			"Id": "a011U000001bhIUQAY",
			"Instructor__c": null,
			"City__c": "Chicago",
			"Country__c": "USA",
			"Location__c": "Chicago, US",
			"Region__c": "NAMER",
			"Start_Date__c": "2018-12-22",
			"Status__c": "Scheduled"
		},
		{
			"attributes": {
				"type": "Course_Delivery__c",
				"url": "/services/data/v44.0/sobjects/Course_Delivery__c/a011U000002KQqBQAW"
			},
			"Course__c": "a001U000001O5EbQAK",
			"Id": "a011U000002KQqBQAW",
			"Instructor__c": null,
			"City__c": "Toronto",
			"Country__c": "Canada",
			"Location__c": "Toronto, CA",
			"Region__c": "NAMER",
			"Start_Date__c": "2019-01-07",
			"Status__c": "Delivered"
		},
		{
			"attributes": {
				"type": "Course_Delivery__c",
				"url": "/services/data/v44.0/sobjects/Course_Delivery__c/a011U000002KQq6QAG"
			},
			"Course__c": "a001U000001O5EWQA0",
			"Id": "a011U000002KQq6QAG",
			"Instructor__c": null,
			"City__c": "Toronto",
			"Country__c": "Canada",
			"Location__c": "Toronto, CA",
			"Region__c": "NAMER",
			"Start_Date__c": "2019-01-07",
			"Status__c": "Delivered"
		}
	],
	"total": 36
}