{
	"fetched": 64,
	"records": [
		{
			"attributes": {
				"type": "User",
				"url": "/services/data/v44.0/sobjects/User/0051U0000016VMsQAM"
			},
			"FirstName": "Ariana",
			"LastName": "Adam",
			"Email": "aadam.awtraining@example.com",
			"Id": "0051U0000016VMsQAM"
		},
		{
			"attributes": {
				"type": "User",
				"url": "/services/data/v44.0/sobjects/User/0051U0000016VM8QAM"
			},
			"FirstName": "Karen",
			"LastName": "Adams",
			"Email": "kadams.awtraining@example.com",
			"Id": "0051U0000016VM8QAM"
		},
		{
			"attributes": {
				"type": "User",
				"url": "/services/data/v44.0/sobjects/User/0051U0000016VM9QAM"
			},
			"FirstName": "Emely",
			"LastName": "Adjei",
			"Email": "eadjei.awtraining@example.com",
			"Id": "0051U0000016VM9QAM"
		},
		{
			"attributes": {
				"type": "User",
				"url": "/services/data/v44.0/sobjects/User/0051U0000016VMIQA2"
			},
			"FirstName": "Ichiro",
			"LastName": "Akimoto",
			"Email": "iakimoto.awtraining@example.com",
			"Id": "0051U0000016VMIQA2"
		},
		{
			"attributes": {
				"type": "User",
				"url": "/services/data/v44.0/sobjects/User/0051U0000016VM2QAM"
			},
			"FirstName": "Linda",
			"LastName": "Appleton",
			"Email": "lappleton.awtraining@example.com",
			"Id": "0051U0000016VM2QAM"
		},
		{
			"attributes": {
				"type": "User",
				"url": "/services/data/v44.0/sobjects/User/0051U0000016VMYQA2"
			},
			"FirstName": "Brent",
			"LastName": "Bassi",
			"Email": "bbassi.awtraining@example.com",
			"Id": "0051U0000016VMYQA2"
		},
		{
			"attributes": {
				"type": "User",
				"url": "/services/data/v44.0/sobjects/User/0051U0000016VMmQAM"
			},
			"FirstName": "Viviane",
			"LastName": "Boudin",
			"Email": "vboudin.awtraining@example.com",
			"Id": "0051U0000016VMmQAM"
		},
		{
			"attributes": {
				"type": "User",
				"url": "/services/data/v44.0/sobjects/User/0051U0000016VLxQAM"
			},
			"FirstName": "Anna",
			"LastName": "Bressan",
			"Email": "abressan.awtraining@example.com",
			"Id": "0051U0000016VLxQAM"
		},
		{
			"attributes": {
				"type": "User",
				"url": "/services/data/v44.0/sobjects/User/0051U0000016VMDQA2"
			},
			"FirstName": "Jin",
			"LastName": "Chang",
			"Email": "jchang.awtraining@example.com",
			"Id": "0051U0000016VMDQA2"
		},
		{
			"attributes": {
				"type": "User",
				"url": "/services/data/v44.0/sobjects/User/0051U0000016VMdQAM"
			},
			"FirstName": null,
			"LastName": "Chatter Expert",
			"Email": "noreply@chatter.salesforce.com",
			"Id": "0051U0000016VMdQAM"
		},
		{
			"attributes": {
				"type": "User",
				"url": "/services/data/v44.0/sobjects/User/0051U0000016VMNQA2"
			},
			"FirstName": "Sanjay",
			"LastName": "Chopra",
			"Email": "schopra.awtraining@example.com",
			"Id": "0051U0000016VMNQA2"
		},
		{
			"attributes": {
				"type": "User",
				"url": "/services/data/v44.0/sobjects/User/0051U0000016VLvQAM"
			},
			"FirstName": "Kathy",
			"LastName": "Cooper",
			"Email": "kcooper.awtraining@example.com",
			"Id": "0051U0000016VLvQAM"
		},
		{
			"attributes": {
				"type": "User",
				"url": "/services/data/v44.0/sobjects/User/0051U0000016VMMQA2"
			},
			"FirstName": "Lorenzo",
			"LastName": "Costa",
			"Email": "lcosta.awtraining@example.com",
			"Id": "0051U0000016VMMQA2"
		},
		{
			"attributes": {
				"type": "User",
				"url": "/services/data/v44.0/sobjects/User/0051U0000016VMTQA2"
			},
			"FirstName": "Patrick",
			"LastName": "Crockett",
			"Email": "pcrockett.awtraining@example.com",
			"Id": "0051U0000016VMTQA2"
		},
		{
			"attributes": {
				"type": "User",
				"url": "/services/data/v44.0/sobjects/User/0051U0000016VM0QAM"
			},
			"FirstName": "Diego",
			"LastName": "Cruz",
			"Email": "dcruz.awtraining@example.com",
			"Id": "0051U0000016VM0QAM"
		},
		{
			"attributes": {
				"type": "User",
				"url": "/services/data/v44.0/sobjects/User/0051U0000016VM1QAM"
			},
			"FirstName": "Gary",
			"LastName": "Davis",
			"Email": "gdavis.awtraining@example.com",
			"Id": "0051U0000016VM1QAM"
		},
		{
			"attributes": {
				"type": "User",
				"url": "/services/data/v44.0/sobjects/User/0051U0000016VMeQAM"
			},
			"FirstName": "Samantha",
			"LastName": "Duncan",
			"Email": "sduncan.awtraining@example.com",
			"Id": "0051U0000016VMeQAM"
		},
		{
			"attributes": {
				"type": "User",
				"url": "/services/data/v44.0/sobjects/User/0051U0000016VMWQA2"
			},
			"FirstName": "Juan",
			"LastName": "Garcia",
			"Email": "jgarcia.awtraining@example.com",
			"Id": "0051U0000016VMWQA2"
		},
		{
			"attributes": {
				"type": "User",
				"url": "/services/data/v44.0/sobjects/User/0051U0000016VM4QAM"
			},
			"FirstName": "Jessica",
			"LastName": "Heinz",
			"Email": "jheinz.awtraining@example.com",
			"Id": "0051U0000016VM4QAM"
		},
		{
			"attributes": {
				"type": "User",
				"url": "/services/data/v44.0/sobjects/User/0051U0000016VMQQA2"
			},
			"FirstName": "Tim",
			"LastName": "Howe",
			"Email": "thowe.awtraining@example.com",
			"Id": "0051U0000016VMQQA2"
		},
		{
			"attributes": {
				"type": "User",
				"url": "/services/data/v44.0/sobjects/User/0051U0000016VM7QAM"
			},
			"FirstName": "David",
			"LastName": "Hudson",
			"Email": "dhudson.awtraining@example.com",
			"Id": "0051U0000016VM7QAM"
		},
		{
			"attributes": {
				"type": "User",
				"url": "/services/data/v44.0/sobjects/User/0051U0000016VMkQAM"
			},
			"FirstName": "Patrick",
			"LastName": "Hughes",
			"Email": "phughes.awtraining@example.com",
			"Id": "0051U0000016VMkQAM"
		},
		{
			"attributes": {
				"type": "User",
				"url": "/services/data/v44.0/sobjects/User/0051U0000016VMoQAM"
			},
			"FirstName": "Akira",
			"LastName": "Kato",
			"Email": "akato.awtraining@example.com",
			"Id": "0051U0000016VMoQAM"
		},
		{
			"attributes": {
				"type": "User",
				"url": "/services/data/v44.0/sobjects/User/0051U0000016VMbQAM"
			},
			"FirstName": "Ted",
			"LastName": "Kim",
			"Email": "tkim.awtraining@example.com",
			"Id": "0051U0000016VMbQAM"
		},
		{
			"attributes": {
				"type": "User",
				"url": "/services/data/v44.0/sobjects/User/0051U0000016VMVQA2"
			},
			"FirstName": "Evelyn",
			"LastName": "Kitara",
			"Email": "ekitara.awtraining@example.com",
			"Id": "0051U0000016VMVQA2"
		},
		{
			"attributes": {
				"type": "User",
				"url": "/services/data/v44.0/sobjects/User/0051U0000016VMSQA2"
			},
			"FirstName": "Robin",
			"LastName": "Kramer",
			"Email": "rkramer.awtraining@example.com",
			"Id": "0051U0000016VMSQA2"
		},
		{
			"attributes": {
				"type": "User",
				"url": "/services/data/v44.0/sobjects/User/0051U0000016VMXQA2"
			},
			"FirstName": "Seema",
			"LastName": "Kumar",
			"Email": "skumar.awtraining@example.com",
			"Id": "0051U0000016VMXQA2"
		},
		{
			"attributes": {
				"type": "User",
				"url": "/services/data/v44.0/sobjects/User/0051U0000016VMOQA2"
			},
			"FirstName": "Noah",
			"LastName": "Larkin",
			"Email": "nlarkin.awtraining@example.com",
			"Id": "0051U0000016VMOQA2"
		},
		{
			"attributes": {
				"type": "User",
				"url": "/services/data/v44.0/sobjects/User/0051U0000016VMZQA2"
			},
			"FirstName": "Jacob",
			"LastName": "Lerner",
			"Email": "jlerner.awtraining@example.com",
			"Id": "0051U0000016VMZQA2"
		},
		{
			"attributes": {
				"type": "User",
				"url": "/services/data/v44.0/sobjects/User/0051U0000016VMCQA2"
			},
			"FirstName": "An",
			"LastName": "Lin",
			"Email": "alin.awtraining@example.com",
			"Id": "0051U0000016VMCQA2"
		},
		{
			"attributes": {
				"type": "User",
				"url": "/services/data/v44.0/sobjects/User/0051U0000016VMUQA2"
			},
			"FirstName": "Herve",
			"LastName": "Lopitaux",
			"Email": "hlopitaux.awtraining@example.com",
			"Id": "0051U0000016VMUQA2"
		},
		{
			"attributes": {
				"type": "User",
				"url": "/services/data/v44.0/sobjects/User/0051U0000016VMaQAM"
			},
			"FirstName": "Maya",
			"LastName": "Lorette",
			"Email": "mlorrette.awtraining@example.com",
			"Id": "0051U0000016VMaQAM"
		},
		{
			"attributes": {
				"type": "User",
				"url": "/services/data/v44.0/sobjects/User/0051U0000016VMJQA2"
			},
			"FirstName": "Connor",
			"LastName": "McCoy",
			"Email": "cmccoy.awtraining@example.com",
			"Id": "0051U0000016VMJQA2"
		},
		{
			"attributes": {
				"type": "User",
				"url": "/services/data/v44.0/sobjects/User/0051U0000016VMiQAM"
			},
			"FirstName": "Raymond",
			"LastName": "Montoya",
			"Email": "rmontoya.awtraining@example.com",
			"Id": "0051U0000016VMiQAM"
		},
		{
			"attributes": {
				"type": "User",
				"url": "/services/data/v44.0/sobjects/User/0051U0000016VMHQA2"
			},
			"FirstName": "Alak",
			"LastName": "Montri",
			"Email": "amontri.awtraining@example.com",
			"Id": "0051U0000016VMHQA2"
		},
		{
			"attributes": {
				"type": "User",
				"url": "/services/data/v44.0/sobjects/User/0051U0000016VM3QAM"
			},
			"FirstName": "Veronica",
			"LastName": "Myers",
			"Email": "vmyers.awtraining@example.com",
			"Id": "0051U0000016VM3QAM"
		},
		{
			"attributes": {
				"type": "User",
				"url": "/services/data/v44.0/sobjects/User/0051U0000016VMRQA2"
			},
			"FirstName": "Cara",
			"LastName": "Ng",
			"Email": "cng.awtraining@example.com",
			"Id": "0051U0000016VMRQA2"
		},
		{
			"attributes": {
				"type": "User",
				"url": "/services/data/v44.0/sobjects/User/0051U0000016VMFQA2"
			},
			"FirstName": "Sally",
			"LastName": "Park",
			"Email": "spark.awtraining@example.com",
			"Id": "0051U0000016VMFQA2"
		},
		{
			"attributes": {
				"type": "User",
				"url": "/services/data/v44.0/sobjects/User/0051U0000016VMKQA2"
			},
			"FirstName": "Samir",
			"LastName": "Patel",
			"Email": "spatel.awtraining@example.com",
			"Id": "0051U0000016VMKQA2"
		},
		{
			"attributes": {
				"type": "User",
				"url": "/services/data/v44.0/sobjects/User/0051U0000016VLtQAM"
			},
			"FirstName": "Ethan",
			"LastName": "Patterson",
			"Email": "epatterson.awtraining@example.com",
			"Id": "0051U0000016VLtQAM"
		},
		{
			"attributes": {
				"type": "User",
				"url": "/services/data/v44.0/sobjects/User/0051U0000016VMrQAM"
			},
			"FirstName": "Anastasia",
			"LastName": "Pavlou",
			"Email": "apavlou.awcomputing@example.com",
			"Id": "0051U0000016VMrQAM"
		},
		{
			"attributes": {
				"type": "User",
				"url": "/services/data/v44.0/sobjects/User/0051U000000ab86QAA"
			},
			"FirstName": "Andres",
			"LastName": "Perez",
			"Email": "aperez@salesforce.com",
			"Id": "0051U000000ab86QAA"
		},
		{
			"attributes": {
				"type": "User",
				"url": "/services/data/v44.0/sobjects/User/0051U0000016VMnQAM"
			},
			"FirstName": "Eugene",
			"LastName": "Peters",
			"Email": "epeters.awtraining@example.com",
			"Id": "0051U0000016VMnQAM"
		},
		{
			"attributes": {
				"type": "User",
				"url": "/services/data/v44.0/sobjects/User/0051U0000016VLoQAM"
			},
			"FirstName": "Automated",
			"LastName": "Process",
			"Email": "autoproc@00d1u000000evjkuak",
			"Id": "0051U0000016VLoQAM"
		},
		{
			"attributes": {
				"type": "User",
				"url": "/services/data/v44.0/sobjects/User/0051U0000016VMhQAM"
			},
			"FirstName": "Jay",
			"LastName": "Rao",
			"Email": "jrao.awtraining@example.com",
			"Id": "0051U0000016VMhQAM"
		},
		{
			"attributes": {
				"type": "User",
				"url": "/services/data/v44.0/sobjects/User/0051U0000016VMcQAM"
			},
			"FirstName": "Mateo",
			"LastName": "Rivera",
			"Email": "mrivera.awtraining@example.com",
			"Id": "0051U0000016VMcQAM"
		},
		{
			"attributes": {
				"type": "User",
				"url": "/services/data/v44.0/sobjects/User/0051U0000016VLyQAM"
			},
			"FirstName": "Frank",
			"LastName": "Roberts",
			"Email": "froberts.awtraining@example.com",
			"Id": "0051U0000016VLyQAM"
		},
		{
			"attributes": {
				"type": "User",
				"url": "/services/data/v44.0/sobjects/User/0051U0000016VMlQAM"
			},
			"FirstName": "Heidi",
			"LastName": "Rosen",
			"Email": "hrosen.awtraining@example.com",
			"Id": "0051U0000016VMlQAM"
		},
		{
			"attributes": {
				"type": "User",
				"url": "/services/data/v44.0/sobjects/User/0051U0000016VMgQAM"
			},
			"FirstName": "Nicki",
			"LastName": "Sanchez",
			"Email": "nsanchez.awtraining@example.com",
			"Id": "0051U0000016VMgQAM"
		},
		{
			"attributes": {
				"type": "User",
				"url": "/services/data/v44.0/sobjects/User/0051U0000016VMLQA2"
			},
			"FirstName": "Mimi",
			"LastName": "Sato",
			"Email": "msato.awtraining@example.com",
			"Id": "0051U0000016VMLQA2"
		},
		{
			"attributes": {
				"type": "User",
				"url": "/services/data/v44.0/sobjects/User/0051U0000016VM6QAM"
			},
			"FirstName": "Darius",
			"LastName": "Scheidel",
			"Email": "dscheidel.awtraining@example.com",
			"Id": "0051U0000016VM6QAM"
		},
		{
			"attributes": {
				"type": "User",
				"url": "/services/data/v44.0/sobjects/User/0051U0000016VMAQA2"
			},
			"FirstName": "Anjana",
			"LastName": "Shah",
			"Email": "ashah.awtraining@example.com",
			"Id": "0051U0000016VMAQA2"
		},
		{
			"attributes": {
				"type": "User",
				"url": "/services/data/v44.0/sobjects/User/0051U0000016VMfQAM"
			},
			"FirstName": "Joseph",
			"LastName": "Simmons",
			"Email": "jsimmons.awtraining@example.com",
			"Id": "0051U0000016VMfQAM"
		},
		{
			"attributes": {
				"type": "User",
				"url": "/services/data/v44.0/sobjects/User/0051U0000016VLzQAM"
			},
			"FirstName": "Phil",
			"LastName": "Smith",
			"Email": "psmith.awtraining@example.com",
			"Id": "0051U0000016VLzQAM"
		},
		{
			"attributes": {
				"type": "User",
				"url": "/services/data/v44.0/sobjects/User/0051U0000016VMGQA2"
			},
			"FirstName": "Joe",
			"LastName": "Song",
			"Email": "jsong.awtraining@example.com",
			"Id": "0051U0000016VMGQA2"
		},
		{
			"attributes": {
				"type": "User",
				"url": "/services/data/v44.0/sobjects/User/0051U0000016VMPQA2"
			},
			"FirstName": "Roberta",
			"LastName": "Spada",
			"Email": "rspada.awtraining@example.com",
			"Id": "0051U0000016VMPQA2"
		},
		{
			"attributes": {
				"type": "User",
				"url": "/services/data/v44.0/sobjects/User/0051U0000016VMEQA2"
			},
			"FirstName": "Fumiko",
			"LastName": "Suzuki",
			"Email": "fsuzuki.awtraining@example.com",
			"Id": "0051U0000016VMEQA2"
		},
		{
			"attributes": {
				"type": "User",
				"url": "/services/data/v44.0/sobjects/User/0051U0000016VMpQAM"
			},
			"FirstName": "Kim",
			"LastName": "Tran",
			"Email": "ktran.awtraining@example.com",
			"Id": "0051U0000016VMpQAM"
		},
		{
			"attributes": {
				"type": "User",
				"url": "/services/data/v44.0/sobjects/User/0051U0000016VMBQA2"
			},
			"FirstName": "Lucia",
			"LastName": "Vargas",
			"Email": "lvargas.awtraining@example.com",
			"Id": "0051U0000016VMBQA2"
		},
		{
			"attributes": {
				"type": "User",
				"url": "/services/data/v44.0/sobjects/User/0051U0000016VMjQAM"
			},
			"FirstName": "Sasha",
			"LastName": "Vincent",
			"Email": "svincent.awtraining@example.com",
			"Id": "0051U0000016VMjQAM"
		},
		{
			"attributes": {
				"type": "User",
				"url": "/services/data/v44.0/sobjects/User/0051U0000016VM5QAM"
			},
			"FirstName": "Karl",
			"LastName": "Weber",
			"Email": "kweber.awtraining@example.com",
			"Id": "0051U0000016VM5QAM"
		},
		{
			"attributes": {
				"type": "User",
				"url": "/services/data/v44.0/sobjects/User/0051U0000016VLuQAM"
			},
			"FirstName": "Allison",
			"LastName": "Wheeler",
			"Email": "awheeler.awtraining@example.com",
			"Id": "0051U0000016VLuQAM"
		},
		{
			"attributes": {
				"type": "User",
				"url": "/services/data/v44.0/sobjects/User/0051U0000016VLwQAM"
			},
			"FirstName": "Matt",
			"LastName": "Wilson",
			"Email": "mwilson.awtraining@example.com",
			"Id": "0051U0000016VLwQAM"
		},
		{
			"attributes": {
				"type": "User",
				"url": "/services/data/v44.0/sobjects/User/0051U0000016VLsQAM"
			},
			"FirstName": "John",
			"LastName": "Wiseman",
			"Email": "jwiseman.awtraining@example.com",
			"Id": "0051U0000016VLsQAM"
		}
	],
	"total": 64
}