<?xml version="1.0" encoding="UTF-8"?>
<RecordType xmlns="http://soap.sforce.com/2006/04/metadata">
	<fullName>Standard</fullName>
	<active>true</active>
	<description>Use to create standard contacts.</description>
	<label>Standard</label>
	<picklistValues>
		<picklist>LeadSource</picklist>
		<values>
			<fullName>Advertisement</fullName>
			<default>false</default>
		</values>
		<values>
			<fullName>Employee Referral</fullName>
			<default>false</default>
		</values>
		<values>
			<fullName>External Referral</fullName>
			<default>false</default>
		</values>
		<values>
			<fullName>Other</fullName>
			<default>false</default>
		</values>
		<values>
			<fullName>Partner</fullName>
			<default>false</default>
		</values>
		<values>
			<fullName>Public Relations</fullName>
			<default>false</default>
		</values>
		<values>
			<fullName>Seminar - Internal</fullName>
			<default>false</default>
		</values>
		<values>
			<fullName>Seminar - Partner</fullName>
			<default>false</default>
		</values>
		<values>
			<fullName>Trade Show</fullName>
			<default>false</default>
		</values>
		<values>
			<fullName>Web</fullName>
			<default>false</default>
		</values>
		<values>
			<fullName>Word of mouth</fullName>
			<default>false</default>
		</values>
	</picklistValues>
	<picklistValues>
		<picklist>Name</picklist>
		<values>
			<fullName>Dr%2E</fullName>
			<default>false</default>
		</values>
		<values>
			<fullName>Mr%2E</fullName>
			<default>false</default>
		</values>
		<values>
			<fullName>Mrs%2E</fullName>
			<default>false</default>
		</values>
		<values>
			<fullName>Ms%2E</fullName>
			<default>false</default>
		</values>
		<values>
			<fullName>Prof%2E</fullName>
			<default>false</default>
		</values>
	</picklistValues>
	<picklistValues>
		<picklist>Status__c</picklist>
		<values>
			<fullName>Active</fullName>
			<default>false</default>
		</values>
		<values>
			<fullName>Inactive</fullName>
			<default>false</default>
		</values>
	</picklistValues>
</RecordType>
