<?xml version="1.0" encoding="UTF-8"?>
<StandardValueSet xmlns="http://soap.sforce.com/2006/04/metadata">
	<sorted>false</sorted>
	<standardValue>
		<fullName>Prospect</fullName>
		<default>false</default>
		<label>Prospect</label>
	</standardValue>
	<standardValue>
		<fullName>Customer - Direct</fullName>
		<default>false</default>
		<label>Customer - Direct</label>
	</standardValue>
	<standardValue>
		<fullName>Customer - Channel</fullName>
		<default>false</default>
		<label>Customer - Channel</label>
	</standardValue>
	<standardValue>
		<fullName>Channel Partner / Reseller</fullName>
		<default>false</default>
		<label>Channel Partner / Reseller</label>
	</standardValue>
	<standardValue>
		<fullName>Installation Partner</fullName>
		<default>false</default>
		<label>Installation Partner</label>
	</standardValue>
	<standardValue>
		<fullName>Technology Partner</fullName>
		<default>false</default>
		<label>Technology Partner</label>
	</standardValue>
	<standardValue>
		<fullName>Analyst</fullName>
		<default>false</default>
		<label>Analyst</label>
	</standardValue>
	<standardValue><fullName>Competitor</fullName><default>false</default><label>Competitor</label></standardValue>
	<standardValue><fullName>Customer</fullName><default>false</default><label>Customer</label></standardValue>
	<standardValue><fullName>Integrator</fullName><default>false</default><label>Integrator</label></standardValue>
	<standardValue><fullName>Investor</fullName><default>false</default><label>Investor</label></standardValue>
	<standardValue><fullName>Other</fullName><default>false</default><label>Other</label></standardValue>
	<standardValue><fullName>Partner</fullName><default>false</default><label>Partner</label></standardValue>
	<standardValue><fullName>Press</fullName><default>false</default><label>Press</label></standardValue>
	<standardValue><fullName>Reseller</fullName><default>false</default><label>Reseller</label></standardValue>
</StandardValueSet>
